#File written by RizomUV 2024.0.147.g1eccf2c0. Compilation :Aug 17 2024,10:36:02
#begin vertices
v -0.0628 0 -22.378
v -0.0628 0 -23.0709
v 0.232 0 -23.071
v 0.232 0 -22.378
v 0.232 20.7929 -22.378
v -0.0628 20.7929 -22.378
v 0.232 0 -26.1214
v -0.0628 0 -26.1214
v -0.0628 20.7929 -26.1214
v 0.232 20.7929 -26.1214
v 0.232 20.7929 -23.0703
v 0.232 25.2035 -23.0703
v -0.0628 25.2035 -23.0703
v -0.0628 20.7929 -23.0703
v -0.0628 20.7929 -25.5564
v -0.0628 25.2035 -25.5564
v 0.232 25.2035 -25.5564
v 0.232 20.7929 -25.5564
v -0.0628 0 -25.5565
v 0.232 0 -25.5569
v -0.0628 0 -15.662
v -0.0628 0 -18.2083
v 0.232 0 -18.2085
v 0.232 0 -15.6624
v -0.0628 0 -15.0978
v 0.232 0 -15.0978
v 0.232 20.7929 -15.0978
v -0.0628 20.7929 -15.0978
v 0.232 0 -18.8411
v -0.0628 0 -18.8411
v -0.0628 20.7929 -18.8411
v 0.232 20.7929 -18.8411
v 0.232 20.7929 -15.6625
v 0.232 25.2035 -15.6625
v -0.0628 25.2035 -15.6625
v -0.0628 20.7929 -15.6625
v -0.0628 20.7929 -18.2091
v -0.0628 25.2035 -18.2091
v 0.232 25.2035 -18.2091
v 0.232 20.7929 -18.2091
v -0.0196 3.2283 -5.9386
v 0.1824 3.2283 -5.9742
v 0.1824 9.4465 -5.9741
v -0.0196 9.4463 -5.9385
v 0.36 3.2283 -6.0767
v 0.36 9.4469 -6.0767
v 0.4918 3.2283 -6.2338
v 0.4918 9.4476 -6.2338
v 0.562 3.2283 -6.4266
v 0.562 9.4484 -6.4265
v 0.562 3.2283 -6.6317
v 0.562 9.4493 -6.6316
v 0.4918 3.2283 -6.8244
v 0.4918 9.4501 -6.8243
v 0.36 3.2283 -6.9815
v 0.36 9.4507 -6.9814
v 0.1824 3.2283 -7.084
v 0.1824 9.4512 -7.084
v -0.0196 3.2283 -7.1197
v -0.0196 9.4513 -7.1196
v -0.2216 3.2283 -7.084
v -0.2216 9.4512 -7.084
v -0.3992 3.2283 -6.9815
v -0.3992 9.4507 -6.9814
v -0.531 3.2283 -6.8244
v -0.531 9.4501 -6.8243
v -0.6012 3.2283 -6.6317
v -0.6012 9.4493 -6.6316
v -0.6012 3.2283 -6.4266
v -0.6012 9.4484 -6.4265
v -0.531 3.2283 -6.2338
v -0.531 9.4476 -6.2338
v -0.3992 3.2283 -6.0767
v -0.3992 9.4469 -6.0767
v -0.2216 3.2283 -5.9742
v -0.2216 9.4465 -5.9741
v 0.1824 10.8728 -5.7952
v -0.0196 10.8641 -5.7606
v 0.36 10.8977 -5.8946
v 0.4918 10.9358 -6.047
v 0.562 10.9827 -6.234
v 0.562 11.0325 -6.433
v 0.4918 11.0793 -6.6199
v 0.36 11.1175 -6.7723
v 0.1824 11.1424 -6.8718
v -0.0196 11.1511 -6.9063
v -0.2216 11.1424 -6.8718
v -0.3992 11.1175 -6.7723
v -0.531 11.0793 -6.6199
v -0.6012 11.0325 -6.433
v -0.6012 10.9827 -6.234
v -0.531 10.9358 -6.047
v -0.3992 10.8977 -5.8946
v -0.2216 10.8728 -5.7952
v 0.1824 12.215 -5.2807
v -0.0196 12.1984 -5.2492
v 0.36 12.263 -5.3714
v 0.4918 12.3364 -5.5102
v 0.562 12.4266 -5.6806
v 0.562 12.5225 -5.8619
v 0.4918 12.6126 -6.0322
v 0.36 12.6861 -6.1711
v 0.1824 12.734 -6.2617
v -0.0196 12.7507 -6.2932
v -0.2216 12.734 -6.2617
v -0.3992 12.6861 -6.1711
v -0.531 12.6126 -6.0322
v -0.6012 12.5225 -5.8619
v -0.6012 12.4266 -5.6806
v -0.531 12.3364 -5.5102
v -0.3992 12.263 -5.3714
v -0.2216 12.215 -5.2807
v 0.1824 13.3955 -4.4605
v -0.0196 13.3718 -4.4339
v 0.36 13.4637 -4.5371
v 0.4918 13.5683 -4.6544
v 0.562 13.6965 -4.7983
v 0.562 13.8329 -4.9514
v 0.4918 13.9611 -5.0953
v 0.36 14.0656 -5.2126
v 0.1824 14.1338 -5.2892
v -0.0196 14.1575 -5.3158
v -0.2216 14.1338 -5.2892
v -0.3992 14.0656 -5.2126
v -0.531 13.9611 -5.0953
v -0.6012 13.8329 -4.9514
v -0.6012 13.6965 -4.7983
v -0.531 13.5683 -4.6544
v -0.3992 13.4637 -4.5371
v -0.2216 13.3955 -4.4605
v 0.1824 14.3459 -3.3821
v -0.0196 14.3166 -3.3619
v 0.36 14.4305 -3.4401
v 0.4918 14.56 -3.5291
v 0.562 14.7188 -3.6382
v 0.562 14.8879 -3.7543
v 0.4918 15.0468 -3.8634
v 0.36 15.1763 -3.9524
v 0.1824 15.2608 -4.0104
v -0.0196 15.2902 -4.0306
v -0.2216 15.2608 -4.0104
v -0.3992 15.1763 -3.9524
v -0.531 15.0468 -3.8634
v -0.6012 14.8879 -3.7543
v -0.6012 14.7188 -3.6382
v -0.531 14.56 -3.5291
v -0.3992 14.4305 -3.4401
v -0.2216 14.3459 -3.3821
v 0.1824 15.0112 -2.1079
v -0.0196 14.9779 -2.0953
v 0.36 15.1072 -2.144
v 0.4918 15.2542 -2.1995
v 0.562 15.4345 -2.2675
v 0.562 15.6264 -2.3398
v 0.4918 15.8068 -2.4078
v 0.36 15.9538 -2.4633
v 0.1824 16.0497 -2.4995
v -0.0196 16.0831 -2.512
v -0.2216 16.0497 -2.4995
v -0.3992 15.9538 -2.4633
v -0.531 15.8068 -2.4078
v -0.6012 15.6264 -2.3398
v -0.6012 15.4345 -2.2675
v -0.531 15.2542 -2.1995
v -0.3992 15.1072 -2.144
v -0.2216 15.0112 -2.1079
v 0.1824 15.3529 -0.7116
v -0.0196 15.3176 -0.7074
v 0.36 15.4547 -0.7238
v 0.4918 15.6107 -0.7425
v 0.562 15.8021 -0.7655
v 0.562 16.0057 -0.7899
v 0.4918 16.1971 -0.8129
v 0.36 16.3531 -0.8316
v 0.1824 16.4549 -0.8438
v -0.0196 16.4903 -0.848
v -0.2216 16.4549 -0.8438
v -0.3992 16.3531 -0.8316
v -0.531 16.1971 -0.8129
v -0.6012 16.0057 -0.7899
v -0.6012 15.8021 -0.7655
v -0.531 15.6107 -0.7425
v -0.3992 15.4547 -0.7238
v -0.2216 15.3529 -0.7116
v 0.1824 15.3512 0.7259
v -0.0196 15.3158 0.7215
v 0.36 15.453 0.7383
v 0.4918 15.6089 0.7574
v 0.562 15.8002 0.7808
v 0.562 16.0038 0.8058
v 0.4918 16.1951 0.8292
v 0.36 16.3511 0.8483
v 0.1824 16.4528 0.8607
v -0.0196 16.4882 0.865
v -0.2216 16.4528 0.8607
v -0.3992 16.3511 0.8483
v -0.531 16.1951 0.8292
v -0.6012 16.0038 0.8058
v -0.6012 15.8002 0.7808
v -0.531 15.6089 0.7574
v -0.3992 15.453 0.7383
v -0.2216 15.3512 0.7259
v 0.1824 15.0062 2.1213
v -0.0196 14.9729 2.1087
v 0.36 15.102 2.1577
v 0.4918 15.2489 2.2135
v 0.562 15.4291 2.2819
v 0.562 15.6208 2.3548
v 0.4918 15.801 2.4232
v 0.36 15.9478 2.479
v 0.1824 16.0437 2.5154
v -0.0196 16.077 2.528
v -0.2216 16.0437 2.5154
v -0.3992 15.9478 2.479
v -0.531 15.801 2.4232
v -0.6012 15.6208 2.3548
v -0.6012 15.4291 2.2819
v -0.531 15.2489 2.2135
v -0.3992 15.102 2.1577
v -0.2216 15.0062 2.1213
v 0.1824 14.3378 3.3939
v -0.0196 14.3085 3.3737
v 0.36 14.4222 3.4522
v 0.4918 14.5515 3.5414
v 0.562 14.7101 3.6509
v 0.562 14.8789 3.7674
v 0.4918 15.0375 3.8769
v 0.36 15.1668 3.9662
v 0.1824 15.2512 4.0245
v -0.0196 15.2805 4.0447
v -0.2216 15.2512 4.0245
v -0.3992 15.1668 3.9662
v -0.531 15.0375 3.8769
v -0.6012 14.8789 3.7674
v -0.6012 14.7101 3.6509
v -0.531 14.5515 3.5414
v -0.3992 14.4222 3.4522
v -0.2216 14.3378 3.3939
v 0.1824 13.3848 4.4701
v -0.0196 13.3611 4.4434
v 0.36 13.4528 4.5468
v 0.4918 13.557 4.6644
v 0.562 13.6849 4.8086
v 0.562 13.821 4.962
v 0.4918 13.9488 5.1062
v 0.36 14.0531 5.2238
v 0.1824 14.1211 5.3005
v -0.0196 14.1447 5.3272
v -0.2216 14.1211 5.3005
v -0.3992 14.0531 5.2238
v -0.531 13.9488 5.1062
v -0.6012 13.821 4.962
v -0.6012 13.6849 4.8086
v -0.531 13.557 4.6644
v -0.3992 13.4528 4.5468
v -0.2216 13.3848 4.4701
v 0.1824 12.2023 5.2874
v -0.0196 12.1857 5.2559
v 0.36 12.25 5.3782
v 0.4918 12.3232 5.5172
v 0.562 12.4129 5.6878
v 0.562 12.5084 5.8693
v 0.4918 12.5981 6.0399
v 0.36 12.6712 6.1789
v 0.1824 12.7189 6.2697
v -0.0196 12.7355 6.3012
v -0.2216 12.7189 6.2697
v -0.3992 12.6712 6.1789
v -0.531 12.5981 6.0399
v -0.6012 12.5084 5.8693
v -0.6012 12.4129 5.6878
v -0.531 12.3232 5.5172
v -0.3992 12.25 5.3782
v -0.2216 12.2023 5.2874
v 0.1824 10.8588 5.7986
v -0.0196 10.8502 5.7641
v 0.36 10.8835 5.8982
v 0.4918 10.9213 6.0507
v 0.562 10.9677 6.2377
v 0.562 11.017 6.4368
v 0.4918 11.0634 6.6239
v 0.36 11.1012 6.7764
v 0.1824 11.1259 6.8759
v -0.0196 11.1344 6.9105
v -0.2216 11.1259 6.8759
v -0.3992 11.1012 6.7764
v -0.531 11.0634 6.6239
v -0.6012 11.017 6.4368
v -0.6012 10.9677 6.2377
v -0.531 10.9213 6.0507
v -0.3992 10.8835 5.8982
v -0.2216 10.8588 5.7986
v 0.1824 9.4321 5.9742
v -0.0196 9.432 5.9386
v 0.36 9.4323 6.0767
v 0.4918 9.4326 6.2338
v 0.562 9.4329 6.4266
v 0.562 9.4333 6.6316
v 0.4918 9.4336 6.8244
v 0.36 9.4339 6.9815
v 0.1824 9.4341 7.084
v -0.0196 9.4342 7.1197
v -0.2216 9.4341 7.084
v -0.3992 9.4339 6.9815
v -0.531 9.4336 6.8244
v -0.6012 9.4333 6.6316
v -0.6012 9.4329 6.4266
v -0.531 9.4326 6.2338
v -0.3992 9.4323 6.0767
v -0.2216 9.4321 5.9742
v 0.1824 3.2126 5.9742
v -0.0196 3.2126 5.9386
v 0.36 3.2126 6.0767
v 0.4918 3.2126 6.2338
v 0.562 3.2126 6.4266
v 0.562 3.2126 6.6317
v 0.4918 3.2126 6.8244
v 0.36 3.2126 6.9815
v 0.1824 3.2126 7.084
v -0.0196 3.2126 7.1197
v -0.2216 3.2126 7.084
v -0.3992 3.2126 6.9815
v -0.531 3.2126 6.8244
v -0.6012 3.2126 6.6317
v -0.6012 3.2126 6.4266
v -0.531 3.2126 6.2338
v -0.3992 3.2126 6.0767
v -0.2216 3.2126 5.9742
v -0.5224 3.1496 -6.6178
v -0.4618 3.1496 -6.7844
v -0.3478 3.1496 -6.9203
v -0.3478 3.1496 -6.6178
v -0.5224 3.1339 6.4404
v -0.4618 3.1339 6.2738
v -0.3478 3.1339 6.138
v -0.3478 3.1339 6.4404
v -0.0196 3.1939 -5.9436
v 0.1807 3.1939 -5.9789
v -0.0196 3.1693 -5.9585
v 0.1756 3.1693 -5.993
v 0.3568 3.1939 -6.0806
v 0.3472 3.1693 -6.092
v 0.4875 3.1939 -6.2363
v 0.4745 3.1693 -6.2438
v 0.5571 3.1939 -6.4274
v 0.5423 3.1693 -6.43
v 0.5571 3.1939 -6.6308
v 0.5423 3.1693 -6.6282
v 0.4875 3.1939 -6.8219
v 0.4745 3.1693 -6.8144
v 0.3568 3.1939 -6.9777
v 0.3472 3.1693 -6.9662
v 0.1807 3.1939 -7.0794
v 0.1756 3.1693 -7.0653
v -0.0196 3.1939 -7.1147
v -0.0196 3.1693 -7.0997
v -0.2199 3.1939 -7.0794
v -0.2147 3.1693 -7.0653
v -0.396 3.1939 -6.9777
v -0.3863 3.1693 -6.9662
v -0.5267 3.1939 -6.8219
v -0.5137 3.1693 -6.8144
v -0.5963 3.1939 -6.6308
v -0.5815 3.1693 -6.6282
v -0.5963 3.1939 -6.4274
v -0.5815 3.1693 -6.43
v -0.5267 3.1939 -6.2363
v -0.5137 3.1693 -6.2438
v -0.396 3.1939 -6.0806
v -0.3863 3.1693 -6.092
v -0.2199 3.1939 -5.9789
v -0.2147 3.1693 -5.993
v 0.1807 3.1782 5.9789
v -0.0196 3.1782 5.9436
v 0.1756 3.1536 5.993
v -0.0196 3.1536 5.9585
v 0.3568 3.1782 6.0806
v 0.3472 3.1536 6.092
v 0.4875 3.1782 6.2363
v 0.4745 3.1536 6.2438
v 0.5571 3.1782 6.4274
v 0.5423 3.1536 6.43
v 0.5571 3.1782 6.6308
v 0.5423 3.1536 6.6282
v 0.4875 3.1782 6.8219
v 0.4745 3.1536 6.8144
v 0.3568 3.1782 6.9777
v 0.3472 3.1536 6.9662
v 0.1807 3.1782 7.0794
v 0.1756 3.1536 7.0653
v -0.0196 3.1782 7.1147
v -0.0196 3.1536 7.0997
v -0.2199 3.1782 7.0794
v -0.2147 3.1536 7.0653
v -0.396 3.1782 6.9777
v -0.3863 3.1536 6.9662
v -0.5267 3.1782 6.8219
v -0.5137 3.1536 6.8144
v -0.5963 3.1782 6.6308
v -0.5815 3.1536 6.6282
v -0.5963 3.1782 6.4274
v -0.5815 3.1536 6.43
v -0.5267 3.1782 6.2363
v -0.5137 3.1536 6.2438
v -0.396 3.1782 6.0806
v -0.3863 3.1536 6.092
v -0.2199 3.1782 5.9789
v -0.2147 3.1536 5.993
v -0.1942 3.1496 -6.0493
v -0.0196 3.1496 -6.0185
v -0.0196 3.1545 -5.9835
v -0.2062 3.1545 -6.0164
v -0.3478 3.1496 -6.138
v -0.3703 3.1545 -6.1112
v -0.4618 3.1496 -6.2738
v -0.4921 3.1545 -6.2563
v -0.5224 3.1496 -6.4404
v -0.5569 3.1545 -6.4344
v -0.5569 3.1545 -6.6239
v -0.4921 3.1545 -6.8019
v -0.3703 3.1545 -6.947
v -0.1942 3.1496 -7.0089
v -0.2062 3.1545 -7.0418
v -0.0196 3.1496 -7.0397
v -0.0196 3.1545 -7.0747
v 0.155 3.1496 -7.0089
v 0.167 3.1545 -7.0418
v 0.3086 3.1496 -6.9203
v 0.3311 3.1545 -6.947
v 0.4226 3.1496 -6.7844
v 0.4529 3.1545 -6.8019
v 0.4832 3.1496 -6.6178
v 0.5177 3.1545 -6.6239
v 0.4832 3.1496 -6.4404
v 0.5177 3.1545 -6.4344
v 0.4226 3.1496 -6.2738
v 0.4529 3.1545 -6.2563
v 0.3086 3.1496 -6.138
v 0.3311 3.1545 -6.1112
v 0.155 3.1496 -6.0493
v 0.167 3.1545 -6.0164
v 0.3086 3.1339 6.138
v 0.155 3.1339 6.0493
v 0.167 3.1388 6.0164
v 0.3311 3.1388 6.1112
v 0.4226 3.1339 6.2738
v 0.4529 3.1388 6.2563
v 0.4832 3.1339 6.4404
v 0.5177 3.1388 6.4344
v 0.4832 3.1339 6.6178
v 0.5177 3.1388 6.6238
v 0.4226 3.1339 6.7844
v 0.4529 3.1388 6.8019
v 0.3086 3.1339 6.9203
v 0.3311 3.1388 6.947
v 0.155 3.1339 7.0089
v 0.167 3.1388 7.0418
v -0.0196 3.1339 7.0397
v -0.0196 3.1388 7.0747
v -0.1942 3.1339 7.0089
v -0.2062 3.1388 7.0418
v -0.3478 3.1339 6.9203
v -0.3703 3.1388 6.947
v -0.4618 3.1339 6.7844
v -0.4921 3.1388 6.8019
v -0.5224 3.1339 6.6178
v -0.5569 3.1388 6.6238
v -0.5569 3.1388 6.4344
v -0.4921 3.1388 6.2563
v -0.3703 3.1388 6.1112
v -0.1942 3.1339 6.0493
v -0.2062 3.1388 6.0164
v -0.0196 3.1339 6.0185
v -0.0196 3.1388 5.9835
v 0.155 3.1496 -6.6178
v -0.0196 3.1496 -6.6178
v -0.1942 3.1496 -6.6178
v 0.3086 3.1496 -6.6178
v 0.3086 3.1496 -6.4404
v 0.155 3.1496 -6.4404
v -0.0196 3.1496 -6.4404
v -0.1942 3.1496 -6.4404
v -0.3478 3.1496 -6.4404
v 0.155 3.1339 6.4404
v -0.0196 3.1339 6.4404
v -0.1942 3.1339 6.4404
v 0.3086 3.1339 6.4404
v 0.3086 3.1339 6.6178
v 0.155 3.1339 6.6178
v -0.0196 3.1339 6.6178
v -0.1942 3.1339 6.6178
v -0.3478 3.1339 6.6178
v 0.4226 0 -6.2738
v 0.3086 0 -6.138
v 0.155 0 -6.0493
v 0.155 0 -6.2738
v -0.0196 0.0787 -5.9386
v 0.1824 0.0787 -5.9742
v 0.1824 3.0709 -5.9742
v -0.0196 3.0709 -5.9386
v 0.36 0.0787 -6.0767
v 0.36 3.0709 -6.0767
v 0.4918 0.0787 -6.2338
v 0.4918 3.0709 -6.2338
v 0.562 0.0787 -6.4266
v 0.562 3.0709 -6.4266
v 0.562 0.0787 -6.6317
v 0.562 3.0709 -6.6317
v 0.4918 0.0787 -6.8244
v 0.4918 3.0709 -6.8244
v 0.36 0.0787 -6.9815
v 0.36 3.0709 -6.9815
v 0.1824 0.0787 -7.084
v 0.1824 3.0709 -7.084
v -0.0196 0.0787 -7.1197
v -0.0196 3.0709 -7.1197
v -0.2216 0.0787 -7.084
v -0.2216 3.0709 -7.084
v -0.3992 0.0787 -6.9815
v -0.3992 3.0709 -6.9815
v -0.531 0.0787 -6.8244
v -0.531 3.0709 -6.8244
v -0.6012 0.0787 -6.6317
v -0.6012 3.0709 -6.6317
v -0.6012 0.0787 -6.4266
v -0.6012 3.0709 -6.4266
v -0.531 0.0787 -6.2338
v -0.531 3.0709 -6.2338
v -0.3992 0.0787 -6.0767
v -0.3992 3.0709 -6.0767
v -0.2216 0.0787 -5.9742
v -0.2216 3.0709 -5.9742
v -0.0196 3.0552 5.9386
v 0.1824 3.0552 5.9742
v 0.1824 0.063 5.9742
v -0.0196 0.063 5.9386
v 0.36 3.0552 6.0767
v 0.36 0.063 6.0767
v 0.4918 3.0552 6.2338
v 0.4918 0.063 6.2338
v 0.562 3.0552 6.4266
v 0.562 0.063 6.4266
v 0.562 3.0552 6.6317
v 0.562 0.063 6.6317
v 0.4918 3.0552 6.8244
v 0.4918 0.063 6.8244
v 0.36 3.0552 6.9815
v 0.36 0.063 6.9815
v 0.1824 3.0552 7.084
v 0.1824 0.063 7.084
v -0.0196 3.0552 7.1197
v -0.0196 0.063 7.1197
v -0.2216 3.0552 7.084
v -0.2216 0.063 7.084
v -0.3992 3.0552 6.9815
v -0.3992 0.063 6.9815
v -0.531 3.0552 6.8244
v -0.531 0.063 6.8244
v -0.6012 3.0552 6.6317
v -0.6012 0.063 6.6317
v -0.6012 3.0552 6.4266
v -0.6012 0.063 6.4266
v -0.531 3.0552 6.2338
v -0.531 0.063 6.2338
v -0.3992 3.0552 6.0767
v -0.3992 0.063 6.0767
v -0.2216 3.0552 5.9742
v -0.2216 0.063 5.9742
v 0.4832 -0.0157 6.6178
v 0.4226 -0.0157 6.7844
v 0.155 -0.0157 6.7844
v 0.155 -0.0157 6.6178
v -0.3478 3.1339 6.138
v -0.4618 3.1339 6.2738
v -0.5224 3.1339 6.4404
v -0.3478 3.1339 6.4404
v 0.4832 3.1496 -6.6178
v 0.4226 3.1496 -6.7844
v 0.3086 3.1496 -6.9203
v 0.3086 3.1496 -6.6178
v 0.1807 3.1053 -5.9789
v -0.0196 3.1053 -5.9436
v 0.1756 3.1299 -5.993
v -0.0196 3.1299 -5.9585
v 0.3568 3.1053 -6.0806
v 0.3472 3.1299 -6.092
v 0.4875 3.1053 -6.2363
v 0.4745 3.1299 -6.2438
v 0.5571 3.1053 -6.4274
v 0.5423 3.1299 -6.43
v 0.5571 3.1053 -6.6308
v 0.5423 3.1299 -6.6282
v 0.4875 3.1053 -6.8219
v 0.4745 3.1299 -6.8144
v 0.3568 3.1053 -6.9777
v 0.3472 3.1299 -6.9662
v 0.1807 3.1053 -7.0794
v 0.1756 3.1299 -7.0653
v -0.0196 3.1053 -7.1147
v -0.0196 3.1299 -7.0997
v -0.2199 3.1053 -7.0794
v -0.2147 3.1299 -7.0653
v -0.396 3.1053 -6.9777
v -0.3863 3.1299 -6.9662
v -0.5267 3.1053 -6.8219
v -0.5137 3.1299 -6.8144
v -0.5963 3.1053 -6.6308
v -0.5815 3.1299 -6.6282
v -0.5963 3.1053 -6.4274
v -0.5815 3.1299 -6.43
v -0.5267 3.1053 -6.2363
v -0.5137 3.1299 -6.2438
v -0.396 3.1053 -6.0806
v -0.3863 3.1299 -6.092
v -0.2199 3.1053 -5.9789
v -0.2147 3.1299 -5.993
v 0.3086 3.1496 -6.138
v 0.155 3.1496 -6.0493
v 0.167 3.1447 -6.0164
v 0.3311 3.1447 -6.1112
v 0.4226 3.1496 -6.2738
v 0.4529 3.1447 -6.2563
v 0.4832 3.1496 -6.4404
v 0.5177 3.1447 -6.4344
v 0.5177 3.1447 -6.6239
v 0.4529 3.1447 -6.8019
v 0.3311 3.1447 -6.947
v 0.155 3.1496 -7.0089
v 0.167 3.1447 -7.0418
v -0.0196 3.1496 -7.0397
v -0.0196 3.1447 -7.0747
v -0.1942 3.1496 -7.0089
v -0.2062 3.1447 -7.0418
v -0.3478 3.1496 -6.9203
v -0.3703 3.1447 -6.947
v -0.4618 3.1496 -6.7844
v -0.4921 3.1447 -6.8019
v -0.5224 3.1496 -6.6178
v -0.5569 3.1447 -6.6239
v -0.5224 3.1496 -6.4404
v -0.5569 3.1447 -6.4344
v -0.4618 3.1496 -6.2738
v -0.4921 3.1447 -6.2563
v -0.3478 3.1496 -6.138
v -0.3703 3.1447 -6.1112
v -0.1942 3.1496 -6.0493
v -0.2062 3.1447 -6.0164
v -0.0196 3.1496 -6.0185
v -0.0196 3.1447 -5.9835
v -0.0196 3.0896 5.9436
v 0.1807 3.0896 5.9789
v -0.0196 3.1142 5.9585
v 0.1756 3.1142 5.993
v 0.3568 3.0896 6.0806
v 0.3472 3.1142 6.092
v 0.4875 3.0896 6.2363
v 0.4745 3.1142 6.2438
v 0.5571 3.0896 6.4274
v 0.5423 3.1142 6.43
v 0.5571 3.0896 6.6308
v 0.5423 3.1142 6.6282
v 0.4875 3.0896 6.8219
v 0.4745 3.1142 6.8144
v 0.3568 3.0896 6.9777
v 0.3472 3.1142 6.9662
v 0.1807 3.0896 7.0794
v 0.1756 3.1142 7.0653
v -0.0196 3.0896 7.1147
v -0.0196 3.1142 7.0997
v -0.2199 3.0896 7.0794
v -0.2147 3.1142 7.0653
v -0.396 3.0896 6.9777
v -0.3863 3.1142 6.9662
v -0.5267 3.0896 6.8219
v -0.5137 3.1142 6.8144
v -0.5963 3.0896 6.6308
v -0.5815 3.1142 6.6282
v -0.5963 3.0896 6.4274
v -0.5815 3.1142 6.43
v -0.5267 3.0896 6.2363
v -0.5137 3.1142 6.2438
v -0.396 3.0896 6.0806
v -0.3863 3.1142 6.092
v -0.2199 3.0896 5.9789
v -0.2147 3.1142 5.993
v -0.1942 3.1339 6.0493
v -0.0196 3.1339 6.0185
v -0.0196 3.129 5.9835
v -0.2062 3.129 6.0164
v -0.3703 3.129 6.1112
v -0.4921 3.129 6.2563
v -0.5569 3.129 6.4344
v -0.5224 3.1339 6.6178
v -0.5569 3.129 6.6238
v -0.4618 3.1339 6.7844
v -0.4921 3.129 6.8019
v -0.3478 3.1339 6.9203
v -0.3703 3.129 6.947
v -0.1942 3.1339 7.0089
v -0.2062 3.129 7.0418
v -0.0196 3.1339 7.0397
v -0.0196 3.129 7.0747
v 0.155 3.1339 7.0089
v 0.167 3.129 7.0418
v 0.3086 3.1339 6.9203
v 0.3311 3.129 6.947
v 0.4226 3.1339 6.7844
v 0.4529 3.129 6.8019
v 0.4832 3.1339 6.6178
v 0.5177 3.129 6.6238
v 0.4832 3.1339 6.4404
v 0.5177 3.129 6.4344
v 0.4226 3.1339 6.2738
v 0.4529 3.129 6.2563
v 0.3086 3.1339 6.138
v 0.3311 3.129 6.1112
v 0.155 3.1339 6.0493
v 0.167 3.129 6.0164
v -0.3478 0 -6.138
v -0.1942 0 -6.0493
v -0.2062 0.0049 -6.0164
v -0.3703 0.0049 -6.1112
v -0.2147 0.0197 -5.993
v -0.3863 0.0197 -6.092
v -0.4618 0 -6.2738
v -0.4921 0.0049 -6.2563
v -0.5137 0.0197 -6.2438
v -0.5224 0 -6.4404
v -0.5569 0.0049 -6.4344
v -0.5815 0.0197 -6.43
v -0.5224 0 -6.6178
v -0.5569 0.0049 -6.6239
v -0.5815 0.0197 -6.6282
v -0.4618 0 -6.7844
v -0.4921 0.0049 -6.8019
v -0.5137 0.0197 -6.8144
v -0.3478 0 -6.9203
v -0.3703 0.0049 -6.947
v -0.3863 0.0197 -6.9662
v -0.1942 0 -7.0089
v -0.2062 0.0049 -7.0418
v -0.2147 0.0197 -7.0653
v -0.0196 0 -7.0397
v -0.0196 0.0049 -7.0747
v -0.0196 0.0197 -7.0997
v 0.155 0 -7.0089
v 0.167 0.0049 -7.0418
v 0.1756 0.0197 -7.0653
v 0.3086 0 -6.9203
v 0.3311 0.0049 -6.947
v 0.3472 0.0197 -6.9662
v 0.4226 0 -6.7844
v 0.4529 0.0049 -6.8019
v 0.4745 0.0197 -6.8144
v 0.4832 0 -6.6178
v 0.5177 0.0049 -6.6239
v 0.5423 0.0197 -6.6282
v 0.4832 0 -6.4404
v 0.5177 0.0049 -6.4344
v 0.5423 0.0197 -6.43
v 0.4529 0.0049 -6.2563
v 0.4745 0.0197 -6.2438
v 0.3311 0.0049 -6.1112
v 0.3472 0.0197 -6.092
v 0.167 0.0049 -6.0164
v 0.1756 0.0197 -5.993
v -0.0196 0 -6.0185
v -0.0196 0.0049 -5.9835
v -0.0196 0.0197 -5.9585
v -0.0196 0.0443 -5.9436
v 0.1807 0.0443 -5.9789
v 0.3568 0.0443 -6.0806
v 0.4875 0.0443 -6.2363
v 0.5571 0.0443 -6.4274
v 0.5571 0.0443 -6.6308
v 0.4875 0.0443 -6.8219
v 0.3568 0.0443 -6.9777
v 0.1807 0.0443 -7.0794
v -0.0196 0.0443 -7.1147
v -0.2199 0.0443 -7.0794
v -0.396 0.0443 -6.9777
v -0.5267 0.0443 -6.8219
v -0.5963 0.0443 -6.6308
v -0.5963 0.0443 -6.4274
v -0.5267 0.0443 -6.2363
v -0.396 0.0443 -6.0806
v -0.2199 0.0443 -5.9789
v 0.1807 0.0286 5.9789
v -0.0196 0.0286 5.9436
v 0.1756 0.004 5.993
v -0.0196 0.004 5.9585
v 0.3568 0.0286 6.0806
v 0.3472 0.004 6.092
v 0.4875 0.0286 6.2363
v 0.4745 0.004 6.2438
v 0.5571 0.0286 6.4274
v 0.5423 0.004 6.43
v 0.5571 0.0286 6.6308
v 0.5423 0.004 6.6282
v 0.4875 0.0286 6.8219
v 0.4745 0.004 6.8144
v 0.3568 0.0286 6.9777
v 0.3472 0.004 6.9662
v 0.1807 0.0286 7.0794
v 0.1756 0.004 7.0653
v -0.0196 0.0286 7.1147
v -0.0196 0.004 7.0997
v -0.2199 0.0286 7.0794
v -0.2147 0.004 7.0653
v -0.396 0.0286 6.9777
v -0.3863 0.004 6.9662
v -0.5267 0.0286 6.8219
v -0.5137 0.004 6.8144
v -0.5963 0.0286 6.6308
v -0.5815 0.004 6.6282
v -0.5963 0.0286 6.4274
v -0.5815 0.004 6.43
v -0.5267 0.0286 6.2363
v -0.5137 0.004 6.2438
v -0.396 0.0286 6.0806
v -0.3863 0.004 6.092
v -0.2199 0.0286 5.9789
v -0.2147 0.004 5.993
v -0.0196 -0.0157 6.0185
v -0.1942 -0.0157 6.0493
v -0.2062 -0.0108 6.0164
v -0.0196 -0.0108 5.9835
v 0.155 -0.0157 6.0493
v 0.167 -0.0108 6.0164
v 0.3086 -0.0157 6.138
v 0.3311 -0.0108 6.1112
v 0.4226 -0.0157 6.2738
v 0.4529 -0.0108 6.2563
v 0.4832 -0.0157 6.4404
v 0.5177 -0.0108 6.4344
v 0.5177 -0.0108 6.6238
v 0.4529 -0.0108 6.8019
v 0.3086 -0.0157 6.9203
v 0.3311 -0.0108 6.947
v 0.155 -0.0157 7.0089
v 0.167 -0.0108 7.0418
v -0.0196 -0.0157 7.0397
v -0.0196 -0.0108 7.0747
v -0.1942 -0.0157 7.0089
v -0.2062 -0.0108 7.0418
v -0.3478 -0.0157 6.9203
v -0.3703 -0.0108 6.947
v -0.4618 -0.0157 6.7844
v -0.4921 -0.0108 6.8019
v -0.5224 -0.0157 6.6178
v -0.5569 -0.0108 6.6238
v -0.5224 -0.0157 6.4404
v -0.5569 -0.0108 6.4344
v -0.4618 -0.0157 6.2738
v -0.4921 -0.0108 6.2563
v -0.3478 -0.0157 6.138
v -0.3703 -0.0108 6.1112
v -0.1942 3.1496 -6.6178
v -0.0196 3.1496 -6.6178
v 0.155 3.1496 -6.6178
v -0.3478 3.1496 -6.6178
v -0.3478 3.1496 -6.4404
v -0.1942 3.1496 -6.4404
v -0.0196 3.1496 -6.4404
v 0.155 3.1496 -6.4404
v 0.3086 3.1496 -6.4404
v -0.0196 3.1339 6.4404
v 0.155 3.1339 6.4404
v -0.1942 3.1339 6.4404
v -0.3478 3.1339 6.6178
v -0.1942 3.1339 6.6178
v -0.0196 3.1339 6.6178
v 0.155 3.1339 6.6178
v 0.3086 3.1339 6.6178
v 0.3086 3.1339 6.4404
v -0.1942 -0.0157 6.7844
v -0.1942 -0.0157 6.6178
v -0.0196 -0.0157 6.6178
v -0.0196 -0.0157 6.7844
v -0.1942 -0.0157 6.4404
v -0.0196 -0.0157 6.4404
v 0.155 -0.0157 6.4404
v -0.1942 -0.0157 6.2738
v -0.0196 -0.0157 6.2738
v 0.155 -0.0157 6.2738
v -0.1942 0 -6.2738
v -0.1942 0 -6.6178
v -0.1942 0 -6.4404
v 0.155 0 -6.6178
v 0.155 0 -6.4404
v -0.1942 0 -6.7844
v 0.155 0 -6.7844
v -0.0196 0 -6.2738
v -0.0196 0 -6.4404
v -0.0196 0 -6.6178
v -0.0196 0 -6.7844
#end vertices

#begin 1044 textures vertices 
vt 0.5018154 0.761839 0
vt 0.5221478 0.761839 0
vt 0.4728294 0.761839 0
vt 0.4931648 0.761839 0
vt 0.4931648 0.1516925 0
vt 0.5018154 0.1516925 0
vt 0.3833185 0.761839 0
vt 0.6116616 0.761839 0
vt 0.6116616 0.1516925 0
vt 0.6203122 0.1516925 0
vt 0.4931648 0.1313777 0
vt 0.5221302 0.01361735 0
vt 0.5018154 0.00195312 0
vt 0.4931648 0.00195312 0
vt 0.5950823 0.1516925 0
vt 0.6116616 0.005688609 0
vt 0.6203122 0.005688609 0
vt 0.5950823 0.01361735 0
vt 0.5950852 0.761839 0
vt 0.3998832 0.761839 0
vt 0.7658501 0.7600696 0
vt 0.8405687 0.7600696 0
vt 0.8405745 0.7687202 0
vt 0.7658618 0.7687202 0
vt 0.7492942 0.7600696 0
vt 0.7406436 0.7600696 0
vt 0.7406436 0.1499231 0
vt 0.7492942 0.1499231 0
vt 0.8677881 0.7600696 0
vt 0.8591375 0.7600696 0
vt 0.8591375 0.1499231 0
vt 0.8677881 0.1499231 0
vt 0.7406436 0.1333525 0
vt 0.7406436 0.00392797 0
vt 0.7492942 0.00392797 0
vt 0.7492942 0.1333525 0
vt 0.8591375 0.1313777 0
vt 0.8591375 0.00195312 0
vt 0.8677881 0.00195312 0
vt 0.8677881 0.1313777 0
vt 0.3762835 0.08502504 0
vt 0.3812761 0.08840659 0
vt 0.2785061 0.240414 0
vt 0.2735012 0.2370499 0
vt 0.2971864 0.02897524 0
vt 0.2835413 0.243723 0
vt 0.3912641 0.0951635 0
vt 0.2885915 0.246997 0
vt 0.3062124 0.03759627 0
vt 0.2037701 0.1895653 0
vt 0.3112199 0.04096865 0
vt 0.2088803 0.1927342 0
vt 0.3162303 0.04434377 0
vt 0.2139935 0.1959006 0
vt 0.3212427 0.04772245 0
vt 0.2190937 0.1990938 0
vt 0.3262563 0.05110543 0
vt 0.2241663 0.2023418 0
vt 0.331272 0.05449396 0
vt 0.2292045 0.2056518 0
vt 0.3362866 0.05788632 0
vt 0.2341986 0.2090335 0
vt 0.341297 0.06128031 0
vt 0.2391512 0.212478 0
vt 0.3463044 0.06467615 0
vt 0.2440627 0.2159795 0
vt 0.3513086 0.06807275 0
vt 0.2489482 0.2195184 0
vt 0.356309 0.07146859 0
vt 0.2538227 0.2230739 0
vt 0.3613077 0.07486371 0
vt 0.258701 0.2266253 0
vt 0.3663007 0.07825395 0
vt 0.2636001 0.2301482 0
vt 0.3712917 0.08164069 0
vt 0.2685311 0.2336285 0
vt 0.2547352 0.2770703 0
vt 0.2495989 0.2738921 0
vt 0.259856 0.2802288 0
vt 0.2649566 0.2833694 0
vt 0.178091 0.2298058 0
vt 0.1831858 0.2328927 0
vt 0.1882796 0.2359809 0
vt 0.1933821 0.2390831 0
vt 0.1984971 0.2422022 0
vt 0.203619 0.2453408 0
vt 0.208742 0.2484893 0
vt 0.2138545 0.2516463 0
vt 0.2189543 0.2548056 0
vt 0.2240423 0.2579693 0
vt 0.2291292 0.2611413 0
vt 0.2342265 0.2643206 0
vt 0.2393346 0.2675106 0
vt 0.2444602 0.270703 0
vt 0.2325817 0.31492 0
vt 0.2273075 0.3119932 0
vt 0.2378407 0.3178373 0
vt 0.2430796 0.3207377 0
vt 0.1537832 0.2712371 0
vt 0.1589966 0.274121 0
vt 0.1642138 0.2770071 0
vt 0.1694474 0.279904 0
vt 0.1746988 0.2828115 0
vt 0.1799656 0.2857313 0
vt 0.1852383 0.2886533 0
vt 0.1905036 0.2915729 0
vt 0.1957602 0.2944859 0
vt 0.2010056 0.2973927 0
vt 0.2062485 0.3002995 0
vt 0.2114998 0.3032107 0
vt 0.2167572 0.3061302 0
vt 0.2220301 0.309059 0
vt 0.2121952 0.3538031 0
vt 0.2067902 0.3511259 0
vt 0.2175849 0.3564693 0
vt 0.2229551 0.3591265 0
vt 0.1314043 0.3138193 0
vt 0.1367453 0.3164603 0
vt 0.1420939 0.3191056 0
vt 0.1474579 0.3217601 0
vt 0.1528427 0.3244258 0
vt 0.1582434 0.3271015 0
vt 0.16365 0.3297799 0
vt 0.1690508 0.3324552 0
vt 0.1744408 0.3351223 0
vt 0.1798218 0.3377831 0
vt 0.1851975 0.3404403 0
vt 0.19058 0.3431015 0
vt 0.195975 0.3457684 0
vt 0.2013795 0.3484456 0
vt 0.1936288 0.3935973 0
vt 0.1881041 0.3911764 0
vt 0.1991353 0.3960135 0
vt 0.2046238 0.3984151 0
vt 0.1110471 0.3574144 0
vt 0.1165076 0.3598049 0
vt 0.1219748 0.3621991 0
vt 0.1274587 0.3646 0
vt 0.1329611 0.3670136 0
vt 0.1384819 0.3694353 0
vt 0.1440086 0.3718599 0
vt 0.1495291 0.3742795 0
vt 0.1550388 0.3766947 0
vt 0.1605401 0.3791021 0
vt 0.1660371 0.3815064 0
vt 0.171537 0.3839144 0
vt 0.1770493 0.3863301 0
vt 0.182575 0.3887493 0
vt 0.1769313 0.4342125 0
vt 0.1713002 0.4320506 0
vt 0.182544 0.4363702 0
vt 0.1881383 0.4385136 0
vt 0.0927514 0.4019151 0
vt 0.09831583 0.4040486 0
vt 0.1038899 0.4061857 0
vt 0.1094799 0.4083281 0
vt 0.1150898 0.410481 0
vt 0.1207167 0.4126453 0
vt 0.1263514 0.4148074 0
vt 0.1319784 0.416969 0
vt 0.1375946 0.4191254 0
vt 0.1432033 0.4212744 0
vt 0.1488055 0.4234189 0
vt 0.1544127 0.425568 0
vt 0.1600313 0.4277249 0
vt 0.1656637 0.429884 0
vt 0.1621413 0.4755627 0
vt 0.1564166 0.4736632 0
vt 0.1678486 0.4774544 0
vt 0.1735356 0.4793373 0
vt 0.07654985 0.4472202 0
vt 0.0822076 0.4490911 0
vt 0.08787537 0.4509642 0
vt 0.09355813 0.4528458 0
vt 0.09926217 0.4547364 0
vt 0.104984 0.4566351 0
vt 0.1107128 0.4585335 0
vt 0.116435 0.4604295 0
vt 0.1221459 0.4623199 0
vt 0.1278476 0.464207 0
vt 0.1335429 0.4660891 0
vt 0.139246 0.4679762 0
vt 0.1449594 0.4698668 0
vt 0.1506849 0.4717636 0
vt 0.1492931 0.5175568 0
vt 0.1434858 0.5159247 0
vt 0.1550832 0.5191787 0
vt 0.1608505 0.5207946 0
vt 0.06247419 0.4932283 0
vt 0.06821454 0.494836 0
vt 0.07396188 0.4964435 0
vt 0.07972724 0.4980585 0
vt 0.08551258 0.4996795 0
vt 0.0913173 0.5013076 0
vt 0.09712783 0.5029392 0
vt 0.1029307 0.5045681 0
vt 0.1087244 0.506191 0
vt 0.1145067 0.5078095 0
vt 0.120286 0.5094236 0
vt 0.1260696 0.5110421 0
vt 0.1318638 0.5126643 0
vt 0.1376711 0.5142947 0
vt 0.1384138 0.5601006 0
vt 0.1325365 0.558744 0
vt 0.1442718 0.5614532 0
vt 0.1501098 0.5627988 0
vt 0.05055816 0.5398428 0
vt 0.05636612 0.5411811 0
vt 0.06218277 0.5425186 0
vt 0.06801438 0.5438637 0
vt 0.07387055 0.5452146 0
vt 0.07974464 0.5465702 0
vt 0.08562455 0.5479297 0
vt 0.09149895 0.5492862 0
vt 0.09735971 0.5506361 0
vt 0.1032114 0.5519845 0
vt 0.1090586 0.5533273 0
vt 0.1149117 0.5546757 0
vt 0.1207767 0.5560272 0
vt 0.1266532 0.5573832 0
vt 0.1295269 0.6031064 0
vt 0.1235931 0.6020239 0
vt 0.1354426 0.6041859 0
vt 0.1413359 0.6052569 0
vt 0.0408235 0.5869634 0
vt 0.0466882 0.5880262 0
vt 0.05256 0.5890924 0
vt 0.05844979 0.5901643 0
vt 0.06436208 0.5912422 0
vt 0.07029251 0.5923231 0
vt 0.07622913 0.5934064 0
vt 0.08216032 0.5944863 0
vt 0.0880793 0.5955622 0
vt 0.09398701 0.596635 0
vt 0.09988971 0.597707 0
vt 0.1057987 0.5987798 0
vt 0.1117185 0.5998582 0
vt 0.117653 0.6009389 0
vt 0.1226469 0.6464793 0
vt 0.116669 0.6456738 0
vt 0.1286053 0.647282 0
vt 0.1345424 0.6480816 0
vt 0.03330393 0.6344899 0
vt 0.03921096 0.6352762 0
vt 0.04512423 0.6360679 0
vt 0.05105815 0.6368624 0
vt 0.05701234 0.6376624 0
vt 0.06298552 0.6384678 0
vt 0.06896543 0.6392712 0
vt 0.07493796 0.6400741 0
vt 0.08090007 0.6408746 0
vt 0.08684881 0.6416699 0
vt 0.09279275 0.6424669 0
vt 0.0987445 0.6432645 0
vt 0.1047083 0.6440628 0
vt 0.1106847 0.6448666 0
vt 0.1177813 0.6901137 0
vt 0.1117722 0.6895898 0
vt 0.1237717 0.6906386 0
vt 0.1297394 0.691157 0
vt 0.02802769 0.6823012 0
vt 0.03396415 0.6828166 0
vt 0.039907 0.6833362 0
vt 0.04586454 0.6838583 0
vt 0.05184555 0.6843851 0
vt 0.05784432 0.6849116 0
vt 0.06384892 0.6854393 0
vt 0.06984743 0.6859621 0
vt 0.07583163 0.6864819 0
vt 0.08180746 0.6869976 0
vt 0.08777847 0.6875127 0
vt 0.09375787 0.6880264 0
vt 0.09974964 0.6885458 0
vt 0.1057573 0.6890651 0
vt 0.1149549 0.7338763 0
vt 0.1089176 0.7336372 0
vt 0.1209728 0.7341221 0
vt 0.1269636 0.734367 0
vt 0.02498442 0.7302307 0
vt 0.0309396 0.7305183 0
vt 0.03689766 0.7308039 0
vt 0.04286683 0.7310863 0
vt 0.04885368 0.7313609 0
vt 0.05485605 0.7316292 0
vt 0.06086342 0.7318818 0
vt 0.0668642 0.7321241 0
vt 0.07285531 0.7323517 0
vt 0.07884099 0.7325679 0
vt 0.08482684 0.7327737 0
vt 0.09082316 0.7329795 0
vt 0.09683913 0.7331879 0
vt 0.1028743 0.733406 0
vt 0.1141366 0.7775417 0
vt 0.1081004 0.7775295 0
vt 0.1201705 0.7776176 0
vt 0.1262027 0.777735 0
vt 0.02372146 0.7779446 0
vt 0.02974415 0.7781833 0
vt 0.03577221 0.7784267 0
vt 0.04179926 0.778636 0
vt 0.04782912 0.7787861 0
vt 0.05386301 0.7788587 0
vt 0.05989623 0.7788482 0
vt 0.06592414 0.7787548 0
vt 0.07194794 0.7785913 0
vt 0.07797149 0.7783763 0
vt 0.08398841 0.7781416 0
vt 0.09001234 0.7779122 0
vt 0.09603687 0.7777211 0
vt 0.1020659 0.7775889 0
vt 0.1143811 0.9610558 0
vt 0.1083507 0.9610688 0
vt 0.1204113 0.9610453 0
vt 0.1264438 0.9610368 0
vt 0.02374457 0.9612296 0
vt 0.02978585 0.961231 0
vt 0.03583102 0.961232 0
vt 0.04187918 0.9612316 0
vt 0.04792973 0.9612286 0
vt 0.05398378 0.9612225 0
vt 0.06003764 0.9612128 0
vt 0.06608767 0.9611995 0
vt 0.07213507 0.961183 0
vt 0.0781794 0.9611641 0
vt 0.08421992 0.9611436 0
vt 0.09025886 0.9611227 0
vt 0.09629097 0.9611027 0
vt 0.1023205 0.9610846 0
vt 0.3199409 0.006931562 0
vt 0.3242631 0.009819193 0
vt 0.3273393 0.01401337 0
vt 0.3187279 0.01189973 0
vt 0.013132 0.9925362 0
vt 0.009164511 0.989178 0
vt 0.006585092 0.9846643 0
vt 0.01490013 0.9877382 0
vt 0.2967254 0.01645309 0
vt 0.2963403 0.022599 0
vt 0.2975471 0.01665313 0
vt 0.2971818 0.02250434 0
vt 0.2980953 0.02851543 0
vt 0.298853 0.02812643 0
vt 0.3018539 0.03343619 0
vt 0.3024031 0.03280217 0
vt 0.3066802 0.03669037 0
vt 0.3070585 0.03593443 0
vt 0.3126769 0.03826992 0
vt 0.3127452 0.03742973 0
vt 0.3188226 0.03763116 0
vt 0.3185883 0.03681209 0
vt 0.3243561 0.03491597 0
vt 0.323855 0.03423324 0
vt 0.3286185 0.03047489 0
vt 0.3279137 0.03000564 0
vt 0.3310986 0.02484623 0
vt 0.3302761 0.02464551 0
vt 0.3315079 0.01871001 0
vt 0.3306658 0.01880439 0
vt 0.3297912 0.01280348 0
vt 0.3290316 0.01318035 0
vt 0.3261536 0.007843228 0
vt 0.3255691 0.008456053 0
vt 0.3210399 0.004426501 0
vt 0.3207002 0.005202632 0
vt 0.3150645 0.002969817 0
vt 0.31501 0.003810766 0
vt 0.3089533 0.003645386 0
vt 0.3091899 0.004458289 0
vt 0.303443 0.006368545 0
vt 0.3039409 0.007053167 0
vt 0.2991962 0.01081742 0
vt 0.2998996 0.01128958 0
vt 0.007179579 0.9681588 0
vt 0.00406833 0.9734728 0
vt 0.007824887 0.968707 0
vt 0.004861702 0.9737655 0
vt 0.01193817 0.9642296 0
vt 0.01234974 0.9649753 0
vt 0.0178031 0.9622446 0
vt 0.01790536 0.963077 0
vt 0.02362665 0.9622425 0
vt 0.02352076 0.9630758 0
vt 0.02948454 0.9642741 0
vt 0.02907 0.9650145 0
vt 0.03422439 0.9682391 0
vt 0.03357283 0.9687881 0
vt 0.03730041 0.9735808 0
vt 0.0365035 0.9738674 0
vt 0.03835695 0.979645 0
vt 0.03751024 0.9796408 0
vt 0.03727178 0.9856991 0
vt 0.03647739 0.9854065 0
vt 0.03418542 0.9910182 0
vt 0.03353954 0.9904698 0
vt 0.02946375 0.9949599 0
vt 0.02904403 0.9942232 0
vt 0.02367725 0.9970433 0
vt 0.02353425 0.9962087 0
vt 0.01752816 0.9970224 0
vt 0.01767767 0.9961932 0
vt 0.01175521 0.9949002 0
vt 0.01218086 0.9941676 0
vt 0.00706326 0.9909255 0
vt 0.007713367 0.990383 0
vt 0.004011839 0.9855897 0
vt 0.004807154 0.9852997 0
vt 0.002972151 0.9795278 0
vt 0.003819323 0.9795288 0
vt 0.3014697 0.01233444 0
vt 0.2993838 0.01709636 0
vt 0.2983764 0.01685306 0
vt 0.3006077 0.01175978 0
vt 0.3050613 0.00857285 0
vt 0.3044482 0.007738429 0
vt 0.3097213 0.006267921 0
vt 0.3094304 0.005274816 0
vt 0.3148881 0.005695825 0
vt 0.3149573 0.004661832 0
vt 0.3203587 0.005983078 0
vt 0.3249788 0.00907171 0
vt 0.3282653 0.01355461 0
vt 0.3287883 0.01900681 0
vt 0.3298182 0.01889433 0
vt 0.3284431 0.02419458 0
vt 0.3294485 0.02444164 0
vt 0.3263455 0.02895205 0
vt 0.3272057 0.0295294 0
vt 0.3227455 0.03270713 0
vt 0.3233523 0.03354401 0
vt 0.3180698 0.03499661 0
vt 0.3183535 0.03599194 0
vt 0.312897 0.03554281 0
vt 0.312815 0.03657848 0
vt 0.3078742 0.03424321 0
vt 0.3074325 0.03517507 0
vt 0.3036535 0.03141178 0
vt 0.302966 0.03217115 0
vt 0.3005361 0.02726477 0
vt 0.2996125 0.02773711 0
vt 0.299057 0.02228321 0
vt 0.2980271 0.02240362 0
vt 0.01326523 0.9666296 0
vt 0.009257387 0.9699373 0
vt 0.008470074 0.9692625 0
vt 0.01276255 0.9657222 0
vt 0.01816731 0.9649282 0
vt 0.01802055 0.9639146 0
vt 0.02325379 0.9649345 0
vt 0.02340658 0.963915 0
vt 0.02813985 0.9666651 0
vt 0.0286483 0.9657594 0
vt 0.03212995 0.9700042 0
vt 0.03292111 0.969336 0
vt 0.03473115 0.9745143 0
vt 0.03570177 0.9741587 0
vt 0.03562096 0.9796393 0
vt 0.03665702 0.9796406 0
vt 0.03470486 0.9847571 0
vt 0.03567692 0.9851135 0
vt 0.03209485 0.9892536 0
vt 0.03288653 0.9899219 0
vt 0.02810495 0.9925873 0
vt 0.02861721 0.9934848 0
vt 0.02321137 0.99435 0
vt 0.02338784 0.9953699 0
vt 0.01801324 0.9943331 0
vt 0.01782724 0.9953524 0
vt 0.01261231 0.9934324 0
vt 0.008368713 0.9898396 0
vt 0.005610631 0.9850143 0
vt 0.005705261 0.9795384 0
vt 0.004669274 0.979534 0
vt 0.006633 0.9744231 0
vt 0.005661375 0.9740626 0
vt 0.3152315 0.02620543 0
vt 0.3164475 0.02123711 0
vt 0.3176609 0.01626973 0
vt 0.3141526 0.03057655 0
vt 0.3091358 0.02931085 0
vt 0.3101924 0.02495612 0
vt 0.3113989 0.01999634 0
vt 0.3126099 0.01503289 0
vt 0.3136759 0.01066439 0
vt 0.01998837 0.9739359 0
vt 0.01822069 0.9787249 0
vt 0.01645449 0.9835188 0
vt 0.0215402 0.9697306 0
vt 0.02641432 0.9714858 0
vt 0.02486656 0.9757123 0
vt 0.02310148 0.9805128 0
vt 0.02133506 0.9853118 0
vt 0.01978066 0.9895334 0
vt 0.01070109 0.09601892 0
vt 0.01518542 0.09340788 0
vt 0.02029314 0.09249235 0
vt 0.01807205 0.09865936 0
vt 0.03877455 0.08623027 0
vt 0.03877737 0.08020988 0
vt 0.1266033 0.08025089 0
vt 0.1266005 0.08627128 0
vt 0.03878018 0.07419115 0
vt 0.1266061 0.07423216 0
vt 0.03878299 0.06817217 0
vt 0.1266089 0.06821317 0
vt 0.03878581 0.06214973 0
vt 0.1266117 0.06219073 0
vt 0.03878862 0.05612972 0
vt 0.1266146 0.05617072 0
vt 0.03879143 0.05011004 0
vt 0.1266174 0.05015104 0
vt 0.03879424 0.04409106 0
vt 0.1266202 0.04413205 0
vt 0.03879705 0.03807233 0
vt 0.126623 0.03811332 0
vt 0.03879987 0.03205143 0
vt 0.1266258 0.03209242 0
vt 0.03880268 0.02603052 0
vt 0.1266286 0.02607151 0
vt 0.03880549 0.0200118 0
vt 0.1266314 0.02005278 0
vt 0.03880829 0.01399281 0
vt 0.1266342 0.0140338 0
vt 0.0388111 0.007973134 0
vt 0.126637 0.008014118 0
vt 0.03881391 0.00195312 0
vt 0.1266398 0.001994104 0
vt 0.0387661 0.1042884 0
vt 0.1265921 0.1043294 0
vt 0.03876892 0.09826939 0
vt 0.1265949 0.09831041 0
vt 0.03877173 0.09225066 0
vt 0.1265977 0.09229168 0
vt 0.1265891 0.2400618 0
vt 0.1265891 0.2460822 0
vt 0.03876325 0.2460823 0
vt 0.03876325 0.2400619 0
vt 0.1265892 0.2521009 0
vt 0.03876325 0.252101 0
vt 0.1265892 0.2581199 0
vt 0.03876326 0.25812 0
vt 0.126589 0.1557845 0
vt 0.03876326 0.1557847 0
vt 0.126589 0.1618045 0
vt 0.03876325 0.1618047 0
vt 0.1265891 0.1678242 0
vt 0.03876324 0.1678243 0
vt 0.1265891 0.1738432 0
vt 0.03876324 0.1738433 0
vt 0.1265891 0.179862 0
vt 0.03876324 0.1798621 0
vt 0.1265891 0.1858829 0
vt 0.03876324 0.185883 0
vt 0.1265891 0.1919038 0
vt 0.03876323 0.1919039 0
vt 0.1265891 0.1979225 0
vt 0.03876323 0.1979226 0
vt 0.1265891 0.2039415 0
vt 0.03876323 0.2039416 0
vt 0.1265891 0.2099612 0
vt 0.03876324 0.2099613 0
vt 0.1265891 0.2159812 0
vt 0.03876324 0.2159813 0
vt 0.1265891 0.2220037 0
vt 0.03876324 0.2220037 0
vt 0.1265891 0.2280227 0
vt 0.03876324 0.2280227 0
vt 0.1265891 0.2340414 0
vt 0.03876324 0.2340415 0
vt 0.03331633 0.1601776 0
vt 0.02999523 0.164176 0
vt 0.02264201 0.1615526 0
vt 0.02429213 0.156973 0
vt 0.1501819 0.1388479 0
vt 0.1546575 0.14146 0
vt 0.1579644 0.1454465 0
vt 0.1531534 0.1471599 0
vt 0.1597076 0.1049754 0
vt 0.1596653 0.110156 0
vt 0.1578585 0.1150118 0
vt 0.1548973 0.1066779 0
vt 0.145091 0.08982617 0
vt 0.1390443 0.09086777 0
vt 0.1450906 0.09067107 0
vt 0.1393308 0.09166135 0
vt 0.1511326 0.09091078 0
vt 0.1508379 0.09170706 0
vt 0.156431 0.09401304 0
vt 0.1558821 0.09465553 0
vt 0.1603454 0.09874357 0
vt 0.1596131 0.09915693 0
vt 0.1624004 0.1045257 0
vt 0.1615665 0.1046657 0
vt 0.1623522 0.1106567 0
vt 0.1615164 0.1105011 0
vt 0.1602086 0.1163964 0
vt 0.1594817 0.1159651 0
vt 0.1562356 0.1210574 0
vt 0.1556995 0.120404 0
vt 0.1509066 0.1240775 0
vt 0.1506257 0.1232806 0
vt 0.1448667 0.1250906 0
vt 0.1448774 0.1242451 0
vt 0.1388464 0.1239769 0
vt 0.1391439 0.1231849 0
vt 0.1335677 0.1208717 0
vt 0.1341148 0.1202284 0
vt 0.1296591 0.1161339 0
vt 0.1303882 0.115718 0
vt 0.1275874 0.1102667 0
vt 0.1284191 0.1101538 0
vt 0.1276075 0.104464 0
vt 0.1284407 0.104579 0
vt 0.1297413 0.09861303 0
vt 0.1304729 0.09903346 0
vt 0.1337164 0.09391646 0
vt 0.1342586 0.09456485 0
vt 0.1501844 0.09347394 0
vt 0.1450784 0.09255339 0
vt 0.1450841 0.09151994 0
vt 0.1505433 0.09250521 0
vt 0.1546635 0.09609075 0
vt 0.1553327 0.09530374 0
vt 0.1579724 0.1000854 0
vt 0.1588737 0.09957806 0
vt 0.160728 0.1048064 0
vt 0.1606801 0.1103448 0
vt 0.1587483 0.115533 0
vt 0.1544981 0.1189513 0
vt 0.1551562 0.1197485 0
vt 0.1499951 0.1215052 0
vt 0.1503407 0.122479 0
vt 0.1448904 0.1223609 0
vt 0.144882 0.1233945 0
vt 0.1397981 0.1214212 0
vt 0.1394372 0.1223865 0
vt 0.135331 0.118793 0
vt 0.134664 0.1195794 0
vt 0.132024 0.11479 0
vt 0.1311267 0.1152998 0
vt 0.1302744 0.1098913 0
vt 0.1292569 0.1100401 0
vt 0.1302952 0.1048572 0
vt 0.1292776 0.1047027 0
vt 0.1320985 0.09997841 0
vt 0.1312059 0.09946238 0
vt 0.1354598 0.09601159 0
vt 0.134799 0.09521779 0
vt 0.1399658 0.0934347 0
vt 0.1396172 0.09246234 0
vt 0.1390532 0.1362387 0
vt 0.1337204 0.1392846 0
vt 0.1393345 0.1370341 0
vt 0.1342561 0.1399376 0
vt 0.1297372 0.1439847 0
vt 0.13047 0.1444113 0
vt 0.1276055 0.1498493 0
vt 0.1284386 0.1499635 0
vt 0.1275887 0.1556545 0
vt 0.1284204 0.1555416 0
vt 0.1296712 0.1615319 0
vt 0.1303996 0.1611147 0
vt 0.133595 0.1662729 0
vt 0.1341424 0.1656231 0
vt 0.1388907 0.1693675 0
vt 0.1391795 0.1685733 0
vt 0.1449187 0.1704647 0
vt 0.1449194 0.1696196 0
vt 0.1509568 0.1694325 0
vt 0.1506691 0.1686379 0
vt 0.1562743 0.1663969 0
vt 0.1557302 0.1657495 0
vt 0.1602305 0.1617289 0
vt 0.1594985 0.1613046 0
vt 0.1623536 0.1559926 0
vt 0.161522 0.1558417 0
vt 0.1623952 0.1498732 0
vt 0.1615616 0.1500146 0
vt 0.1603367 0.1441034 0
vt 0.1596047 0.1445172 0
vt 0.1564254 0.139383 0
vt 0.1558763 0.1400254 0
vt 0.1511325 0.13629 0
vt 0.1508348 0.1370807 0
vt 0.1450986 0.1352024 0
vt 0.1450902 0.1360477 0
vt 0.1450788 0.137929 0
vt 0.1399673 0.1388082 0
vt 0.1396206 0.1378352 0
vt 0.1450863 0.1368956 0
vt 0.1505418 0.1378795 0
vt 0.1553268 0.1406733 0
vt 0.1588654 0.1449388 0
vt 0.1597023 0.1503276 0
vt 0.1607211 0.1501538 0
vt 0.159671 0.1555011 0
vt 0.1606867 0.1556871 0
vt 0.1578742 0.1603545 0
vt 0.1587654 0.1608727 0
vt 0.1545261 0.1642999 0
vt 0.1551877 0.1650943 0
vt 0.1500318 0.1668649 0
vt 0.1503816 0.1678372 0
vt 0.1449281 0.1677347 0
vt 0.1449242 0.1687683 0
vt 0.1398304 0.1668078 0
vt 0.1394728 0.1677745 0
vt 0.1353533 0.1641853 0
vt 0.1346882 0.1649733 0
vt 0.1320343 0.1601825 0
vt 0.1311373 0.1606911 0
vt 0.1302758 0.1552788 0
vt 0.1292582 0.1554278 0
vt 0.1302931 0.1502406 0
vt 0.1292754 0.1500866 0
vt 0.1320959 0.1453552 0
vt 0.1312039 0.1448385 0
vt 0.1354587 0.1413846 0
vt 0.1347992 0.1405896 0
vt 0.03326342 0.09993232 0
vt 0.02990636 0.09595992 0
vt 0.0305679 0.09516693 0
vt 0.03415649 0.09941677 0
vt 0.03110902 0.09451462 0
vt 0.03488994 0.0989884 0
vt 0.03506269 0.1048066 0
vt 0.03608038 0.1046553 0
vt 0.03691739 0.1045338 0
vt 0.03507867 0.1098549 0
vt 0.03609601 0.1100019 0
vt 0.03693365 0.1101148 0
vt 0.03332361 0.1147394 0
vt 0.03422031 0.1152504 0
vt 0.03495837 0.1156693 0
vt 0.03001111 0.1187346 0
vt 0.03067757 0.1195221 0
vt 0.03122632 0.1201718 0
vt 0.02554303 0.1213625 0
vt 0.02590327 0.1223279 0
vt 0.02619607 0.1231264 0
vt 0.0204508 0.1222992 0
vt 0.02045849 0.1233328 0
vt 0.02046245 0.1241833 0
vt 0.01534675 0.1214394 0
vt 0.01500029 0.1224129 0
vt 0.01471456 0.1232143 0
vt 0.01084592 0.1188814 0
vt 0.01018687 0.1196779 0
vt 0.009642892 0.1203328 0
vt 0.007489006 0.1149382 0
vt 0.006598759 0.1154585 0
vt 0.005864996 0.1158898 0
vt 0.005687683 0.1100798 0
vt 0.004672652 0.1102677 0
vt 0.003836145 0.1104232 0
vt 0.005649405 0.104899 0
vt 0.004629182 0.1047291 0
vt 0.003790829 0.1045876 0
vt 0.007388972 0.1000104 0
vt 0.006488207 0.09950216 0
vt 0.005749152 0.09908024 0
vt 0.01003307 0.09523106 0
vt 0.009484642 0.09458215 0
vt 0.01482782 0.0924385 0
vt 0.01453434 0.09163987 0
vt 0.02028885 0.09145891 0
vt 0.02028346 0.09061004 0
vt 0.0254041 0.09337852 0
vt 0.02575378 0.09240672 0
vt 0.02604119 0.09160613 0
vt 0.02632859 0.09081293 0
vt 0.02028422 0.08976515 0
vt 0.01424074 0.09084313 0
vt 0.008936572 0.09393897 0
vt 0.005017359 0.09866611 0
vt 0.002957065 0.1044468 0
vt 0.003000204 0.1105781 0
vt 0.005137653 0.1163203 0
vt 0.009106149 0.1209856 0
vt 0.01443301 0.124011 0
vt 0.02047256 0.1250288 0
vt 0.02649298 0.1239186 0
vt 0.03177299 0.1208158 0
vt 0.03568715 0.116086 0
vt 0.0377653 0.1102272 0
vt 0.03775062 0.1044207 0
vt 0.03562192 0.09856861 0
vt 0.03165185 0.09386683 0
vt 0.03163034 0.1392801 0
vt 0.02629911 0.1362343 0
vt 0.03109469 0.1399332 0
vt 0.02601777 0.1370297 0
vt 0.03561373 0.143982 0
vt 0.03488101 0.1444088 0
vt 0.037747 0.1498469 0
vt 0.0369141 0.1499599 0
vt 0.03776352 0.1556561 0
vt 0.03693167 0.1555446 0
vt 0.03567937 0.1615277 0
vt 0.03495108 0.1611103 0
vt 0.03175341 0.1662647 0
vt 0.03120608 0.1656147 0
vt 0.02645713 0.169361 0
vt 0.02616837 0.1685668 0
vt 0.02042859 0.170459 0
vt 0.02042797 0.1696139 0
vt 0.01438961 0.1694261 0
vt 0.01467752 0.1686316 0
vt 0.009072075 0.1663888 0
vt 0.009616393 0.1657417 0
vt 0.005117758 0.1617195 0
vt 0.005850008 0.1612956 0
vt 0.002997773 0.1559825 0
vt 0.003829457 0.1558319 0
vt 0.002956887 0.1498638 0
vt 0.003790392 0.1500054 0
vt 0.005016384 0.1440947 0
vt 0.005748308 0.1445088 0
vt 0.008928471 0.1393759 0
vt 0.009477249 0.1400184 0
vt 0.01422234 0.1362847 0
vt 0.01451979 0.1370756 0
vt 0.02025576 0.1351979 0
vt 0.02026388 0.1360433 0
vt 0.02538487 0.1388035 0
vt 0.02027477 0.1379245 0
vt 0.02026762 0.1368912 0
vt 0.02573167 0.1378307 0
vt 0.02989228 0.14138 0
vt 0.03055168 0.1405852 0
vt 0.03325517 0.1453535 0
vt 0.03414713 0.1448362 0
vt 0.03506003 0.1502334 0
vt 0.03607739 0.1500817 0
vt 0.03507642 0.1552861 0
vt 0.03609381 0.1554325 0
vt 0.03421348 0.1606866 0
vt 0.03066029 0.1649646 0
vt 0.02551762 0.1668015 0
vt 0.02587516 0.1677681 0
vt 0.02041935 0.167729 0
vt 0.0204232 0.1687626 0
vt 0.01531521 0.1668587 0
vt 0.01496516 0.1678309 0
vt 0.01082118 0.1642926 0
vt 0.0101592 0.1650868 0
vt 0.007474614 0.1603464 0
vt 0.006583231 0.1608641 0
vt 0.005680862 0.1554921 0
vt 0.004664919 0.1556777 0
vt 0.00564949 0.1503188 0
vt 0.004630865 0.1501449 0
vt 0.007388369 0.1454387 0
vt 0.006487482 0.1449306 0
vt 0.01069548 0.1414535 0
vt 0.01002649 0.1406666 0
vt 0.01517202 0.1388432 0
vt 0.01481242 0.1378745 0
vt 0.1410549 0.1115984 0
vt 0.1458619 0.1098911 0
vt 0.1506681 0.1081811 0
vt 0.1368272 0.1130975 0
vt 0.1350778 0.1082366 0
vt 0.1393084 0.1067325 0
vt 0.1441194 0.1050174 0
vt 0.1489292 0.1033009 0
vt 0.1531604 0.1017937 0
vt 0.144113 0.1503931 0
vt 0.1393042 0.1521121 0
vt 0.1489227 0.148672 0
vt 0.1548942 0.1520373 0
vt 0.1506661 0.1535465 0
vt 0.1458618 0.1552642 0
vt 0.1410587 0.1569787 0
vt 0.1368342 0.1584834 0
vt 0.1350765 0.1536207 0
vt 0.01304137 0.1581204 0
vt 0.01468447 0.1535403 0
vt 0.01948834 0.1552588 0
vt 0.01784205 0.159838 0
vt 0.0164293 0.148667 0
vt 0.02123804 0.1503888 0
vt 0.02604706 0.1521069 0
vt 0.01806715 0.1440919 0
vt 0.02287795 0.1458192 0
vt 0.02768889 0.1475479 0
vt 0.02769235 0.1021201 0
vt 0.0242965 0.1115398 0
vt 0.02604757 0.1066754 0
vt 0.0146858 0.1081135 0
vt 0.01643018 0.1032366 0
vt 0.02265463 0.1161193 0
vt 0.01304991 0.1126997 0
vt 0.02288129 0.1003888 0
vt 0.02123844 0.1049577 0
vt 0.01949114 0.1098288 0
vt 0.01785207 0.1144108 0
vt 0.3833185 0.1516925 0
vt 0.3998978 0.1516925 0
vt 0.3998978 0.02226796 0
vt 0.4728499 0.02226796 0
vt 0.4728499 0.1516925 0
vt 0.6116616 0.7704896 0
vt 0.5950969 0.7704896 0
vt 0.5221507 0.7704896 0
vt 0.5018154 0.7704896 0
vt 0.6203122 0.761839 0
vt 0.5018154 0.1313777 0
vt 0.5221302 0.1516925 0
vt 0.6203122 0.1351132 0
vt 0.5950823 0.02226796 0
vt 0.6116616 0.1351132 0
vt 0.5221302 0.02226796 0
vt 0.6493633 0.7600696 0
vt 0.724076 0.7600696 0
vt 0.7658648 0.02049852 0
vt 0.7240731 0.1499231 0
vt 0.7492942 0.7687202 0
vt 0.7658648 0.1499231 0
vt 0.8405921 0.1499231 0
vt 0.8405921 0.02049852 0
vt 0.8405921 0.01184791 0
vt 0.6493457 0.02049852 0
vt 0.6493457 0.1499231 0
vt 0.7658648 0.01184791 0
vt 0.7240731 0.02049852 0
vt 0.6308003 0.1499231 0
vt 0.6308003 0.7600696 0
vt 0.8591375 0.7687202 0
vt 0.00195312 0.104283 0
vt 0.002000935 0.1107667 0
vt 0.1265878 0.110397 0
vt 0.03876476 0.110357 0
vt 0.1633513 0.1108463 0
vt 0.02684324 0.1248602 0
vt 0.1634045 0.1043628 0
vt 0.1287788 0.1166423 0
vt 0.03656695 0.1165953 0
vt 0.004129817 0.09816911 0
vt 0.132913 0.1216497 0
vt 0.03242714 0.1215943 0
vt 0.1384956 0.1249183 0
vt 0.01389463 0.08988629 0
vt 0.1448538 0.1261072 0
vt 0.02048487 0.1260454 0
vt 0.1512507 0.1250487 0
vt 0.01408805 0.1249819 0
vt 0.008455077 0.1217665 0
vt 0.004271348 0.1168292 0
vt 0.02666926 0.08986768 0
vt 0.1568859 0.1218389 0
vt 0.1610744 0.1169062 0
vt 0.0364981 0.09805248 0
vt 0.1288657 0.0980961 0
vt 0.1514801 0.08995446 0
vt 0.1450911 0.08880911 0
vt 0.1612334 0.09824751 0
vt 0.1570985 0.09322831 0
vt 0.008270151 0.09315338 0
vt 0.02028561 0.0887481 0
vt 0.1387048 0.08992209 0
vt 0.03229925 0.09308259 0
vt 0.1330698 0.09313152 0
vt 0.1514814 0.1353341 0
vt 0.1387167 0.135292 0
vt 0.01387382 0.1353287 0
vt 0.1330759 0.138498 0
vt 0.1451014 0.1341853 0
vt 0.03227471 0.1384934 0
vt 0.02025324 0.1341808 0
vt 0.02663568 0.1352876 0
vt 0.1288623 0.1434667 0
vt 0.1265903 0.1497158 0
vt 0.03876205 0.1497148 0
vt 0.03648855 0.1434638 0
vt 0.008417557 0.1671669 0
vt 0.01404031 0.1703954 0
vt 0.004249521 0.1622251 0
vt 0.001997956 0.1561688 0
vt 0.004128745 0.1435978 0
vt 0.00195312 0.1496991 0
vt 0.008261251 0.138591 0
vt 0.1612246 0.1436068 0
vt 0.1570929 0.1385985 0
vt 0.163399 0.1497089 0
vt 0.1287918 0.1620418 0
vt 0.03655867 0.1620377 0
vt 0.1329427 0.1670528 0
vt 0.03240567 0.1670447 0
vt 0.02043638 0.1714756 0
vt 0.1449109 0.1714814 0
vt 0.1513058 0.1704019 0
vt 0.1569284 0.1671752 0
vt 0.1610985 0.162235 0
vt 0.1633533 0.1561793 0
vt 0.1385442 0.1703105 0
vt 0.02680369 0.170304 0
vt 0.2957465 0.01621605 0
vt 0.003123833 0.973123 0
vt 0.0708803 0.445347 0
vt 0.2953277 0.02271199 0
vt 0.006402487 0.9674998 0
vt 0.01124663 0.9957834 0
vt 0.02207982 0.681785 0
vt 0.01735133 0.9980261 0
vt 0.3151354 0.00195312 0
vt 0.3214532 0.003494966 0
vt 0.3086632 0.002655514 0
vt 0.3028351 0.005550087 0
vt 0.04473976 0.5385055 0
vt 0.003050585 0.9859294 0
vt 0.3306944 0.01235804 0
vt 0.006269881 0.9915847 0
vt 0.3294627 0.03104484 0
vt 0.00195312 0.9795202 0
vt 0.2983465 0.01025487 0
vt 0.3011929 0.03421765 0
vt 0.1986793 0.186363 0
vt 0.03496165 0.9916779 0
vt 0.1729898 0.2267028 0
vt 0.1485612 0.2683429 0
vt 0.1260538 0.3111726 0
vt 0.03937557 0.9796435 0
vt 0.1055795 0.3550223 0
vt 0.08717759 0.3997798 0
vt 0.03500596 0.9675857 0
vt 0.05672507 0.4916208 0
vt 0.03494987 0.5858973 0
vt 0.02738622 0.6337013 0
vt 0.01901813 0.7299517 0
vt 0.01769061 0.7777433 0
vt 0.3125997 0.03928539 0
vt 0.01769061 0.9612273 0
vt 0.01144066 0.9633407 0
vt 0.3862688 0.09178533 0
vt 0.03824031 0.9860544 0
vt 0.02996438 0.9958337 0
vt 0.3321005 0.02509224 0
vt 0.319106 0.0386096 0
vt 0.3325201 0.01859613 0
vt 0.0299874 0.9633886 0
vt 0.3249498 0.03572942 0
vt 0.03824707 0.9732373 0
vt 0.02385353 0.9980469 0
vt 0.3268602 0.007109104 0
#end 1044 textures vertices 

#begin 582 normals 
vn -0.5774 -0.5774 0.5774
vn -0.7071 -0.7071 -0
vn 0.7071 -0.7071 -0
vn 0.5774 -0.5774 0.5774
vn 0.5774 0.5774 0.5774
vn -0.5774 0.5774 0.5774
vn 0.5774 -0.5774 -0.5774
vn -0.5774 -0.5774 -0.5774
vn -0.5774 0.5774 -0.5774
vn 0.5774 0.5774 -0.5774
vn 0.9045 0.3015 0.3015
vn -0.9045 0.3015 0.3015
vn -0.9045 0.3015 -0.3015
vn 0.9045 0.3015 -0.3015
vn -0.7071 -0.7071 -0
vn 0.7071 -0.7071 -0
vn -0.5774 -0.5774 0.5774
vn 0.5774 -0.5774 0.5774
vn 0.5774 0.5774 0.5774
vn -0.5774 0.5774 0.5774
vn 0.5774 -0.5774 -0.5774
vn -0.5774 -0.5774 -0.5774
vn -0.5774 0.5774 -0.5774
vn 0.5774 0.5774 -0.5774
vn 0.9045 0.3015 0.3015
vn -0.9045 0.3015 0.3015
vn -0.9045 0.3015 -0.3015
vn 0.9045 0.3015 -0.3015
vn 0.9974 -0.0714 0
vn 0.9373 -0.0714 -0.3412
vn 0.9372 -0.0589 -0.3438
vn 0.998 -0.0628 0
vn 0.7641 -0.0714 -0.6411
vn 0.7622 -0.0478 -0.6456
vn 0.4987 -0.0714 -0.8638
vn 0.4944 -0.0308 -0.8687
vn 0.1732 -0.0714 -0.9823
vn 0.1669 -0.0101 -0.9859
vn -0.1732 -0.0714 -0.9823
vn -0.1802 0.0117 -0.9836
vn -0.4987 -0.0714 -0.8638
vn -0.5047 0.0318 -0.8627
vn -0.7641 -0.0714 -0.6411
vn -0.7679 0.048 -0.6388
vn -0.9373 -0.0714 -0.3411
vn -0.9388 0.0584 -0.3394
vn -0.9974 -0.0714 -0
vn -0.9981 0.062 -0
vn -0.9373 -0.0714 0.3411
vn -0.9388 0.0584 0.3394
vn -0.7641 -0.0714 0.6411
vn -0.7679 0.048 0.6388
vn -0.4987 -0.0714 0.8638
vn -0.5047 0.0318 0.8627
vn -0.1732 -0.0714 0.9823
vn -0.1802 0.0117 0.9836
vn 0.1732 -0.0714 0.9823
vn 0.1669 -0.0101 0.9859
vn 0.4987 -0.0714 0.8638
vn 0.4944 -0.0308 0.8687
vn 0.7641 -0.0714 0.6411
vn 0.7622 -0.0478 0.6456
vn 0.9373 -0.0714 0.3412
vn 0.9372 -0.0589 0.3438
vn 0.91 -0.2279 -0.3464
vn 0.97 -0.243 0
vn 0.7376 -0.1848 -0.6494
vn 0.4752 -0.119 -0.8718
vn 0.1558 -0.039 -0.987
vn -0.1809 0.0453 -0.9825
vn -0.4946 0.1239 -0.8603
vn -0.7483 0.1874 -0.6363
vn -0.913 0.2287 -0.3378
vn -0.97 0.243 -0
vn -0.913 0.2287 0.3378
vn -0.7483 0.1874 0.6363
vn -0.4946 0.1239 0.8603
vn -0.1809 0.0453 0.9825
vn 0.1558 -0.039 0.987
vn 0.4752 -0.119 0.8718
vn 0.7376 -0.1848 0.6494
vn 0.91 -0.2279 0.3464
vn 0.8292 -0.4387 -0.3464
vn 0.8839 -0.4676 0
vn 0.6722 -0.3556 -0.6494
vn 0.433 -0.2291 -0.8718
vn 0.142 -0.0751 -0.987
vn -0.1649 0.0872 -0.9825
vn -0.4507 0.2384 -0.8603
vn -0.6819 0.3608 -0.6363
vn -0.832 0.4401 -0.3378
vn -0.8839 0.4676 -0
vn -0.832 0.4401 0.3378
vn -0.6819 0.3607 0.6363
vn -0.4507 0.2384 0.8603
vn -0.1649 0.0872 0.9825
vn 0.142 -0.0751 0.987
vn 0.433 -0.2291 0.8718
vn 0.6722 -0.3556 0.6494
vn 0.8292 -0.4387 0.3464
vn 0.7004 -0.6241 -0.3464
vn 0.7466 -0.6652 0
vn 0.5678 -0.5059 -0.6494
vn 0.3658 -0.3259 -0.8718
vn 0.12 -0.1069 -0.987
vn -0.1393 0.1241 -0.9825
vn -0.3807 0.3392 -0.8603
vn -0.576 0.5132 -0.6363
vn -0.7027 0.6261 -0.3378
vn -0.7466 0.6652 -0
vn -0.7027 0.6261 0.3378
vn -0.576 0.5132 0.6363
vn -0.3807 0.3392 0.8603
vn -0.1393 0.1241 0.9825
vn 0.12 -0.1069 0.987
vn 0.3658 -0.3259 0.8718
vn 0.5678 -0.5059 0.6494
vn 0.7004 -0.6241 0.3464
vn 0.5311 -0.7733 -0.3464
vn 0.5661 -0.8243 -0
vn 0.4305 -0.6268 -0.6494
vn 0.2773 -0.4038 -0.8718
vn 0.091 -0.1324 -0.987
vn -0.1056 0.1538 -0.9825
vn -0.2886 0.4203 -0.8603
vn -0.4367 0.6359 -0.6363
vn -0.5328 0.7759 -0.3378
vn -0.5661 0.8243 -0
vn -0.5328 0.7759 0.3378
vn -0.4367 0.6359 0.6363
vn -0.2886 0.4203 0.8603
vn -0.1056 0.1538 0.9825
vn 0.091 -0.1324 0.987
vn 0.2773 -0.4038 0.8718
vn 0.4305 -0.6268 0.6494
vn 0.5311 -0.7733 0.3464
vn 0.331 -0.8778 -0.3464
vn 0.3528 -0.9357 -0
vn 0.2683 -0.7115 -0.6494
vn 0.1728 -0.4584 -0.8718
vn 0.0567 -0.1503 -0.987
vn -0.0658 0.1745 -0.9825
vn -0.1799 0.4771 -0.8603
vn -0.2722 0.7218 -0.6363
vn -0.3321 0.8807 -0.3378
vn -0.3528 0.9357 -0
vn -0.3321 0.8807 0.3378
vn -0.2722 0.7218 0.6363
vn -0.1799 0.4771 0.8603
vn -0.0658 0.1745 0.9825
vn 0.0567 -0.1503 0.987
vn 0.1728 -0.4584 0.8718
vn 0.2683 -0.7115 0.6494
vn 0.331 -0.8778 0.3464
vn 0.1117 -0.9314 -0.3464
vn 0.1191 -0.9929 -0
vn 0.0906 -0.755 -0.6494
vn 0.0584 -0.4864 -0.8718
vn 0.0191 -0.1595 -0.987
vn -0.0222 0.1852 -0.9825
vn -0.0607 0.5062 -0.8603
vn -0.0919 0.7659 -0.6363
vn -0.1121 0.9345 -0.3378
vn -0.1191 0.9929 -0
vn -0.1121 0.9345 0.3378
vn -0.0919 0.7659 0.6363
vn -0.0607 0.5062 0.8603
vn -0.0222 0.1852 0.9825
vn 0.0191 -0.1595 0.987
vn 0.0584 -0.4864 0.8718
vn 0.0906 -0.755 0.6494
vn 0.1117 -0.9314 0.3464
vn -0.114 -0.9311 -0.3464
vn -0.1215 -0.9926 -0
vn -0.0924 -0.7548 -0.6494
vn -0.0595 -0.4862 -0.8718
vn -0.0195 -0.1595 -0.987
vn 0.0227 0.1851 -0.9825
vn 0.0619 0.5061 -0.8603
vn 0.0937 0.7657 -0.6363
vn 0.1144 0.9342 -0.3378
vn 0.1215 0.9926 -0
vn 0.1144 0.9342 0.3378
vn 0.0937 0.7657 0.6363
vn 0.0619 0.5061 0.8603
vn 0.0227 0.1851 0.9825
vn -0.0195 -0.1595 0.987
vn -0.0595 -0.4862 0.8718
vn -0.0924 -0.7548 0.6494
vn -0.114 -0.9311 0.3464
vn -0.3331 -0.877 -0.3464
vn -0.3551 -0.9348 -0
vn -0.27 -0.7109 -0.6494
vn -0.1739 -0.458 -0.8718
vn -0.057 -0.1502 -0.987
vn 0.0662 0.1744 -0.9825
vn 0.181 0.4766 -0.8603
vn 0.2739 0.7212 -0.6363
vn 0.3342 0.8799 -0.3378
vn 0.3551 0.9348 -0
vn 0.3342 0.8799 0.3378
vn 0.2739 0.7212 0.6363
vn 0.181 0.4766 0.8603
vn 0.0662 0.1744 0.9825
vn -0.057 -0.1502 0.987
vn -0.1739 -0.458 0.8718
vn -0.27 -0.7109 0.6494
vn -0.3331 -0.877 0.3464
vn -0.5329 -0.772 -0.3464
vn -0.5681 -0.823 -0
vn -0.432 -0.6258 -0.6494
vn -0.2783 -0.4031 -0.8718
vn -0.0913 -0.1322 -0.987
vn 0.106 0.1535 -0.9825
vn 0.2897 0.4196 -0.8603
vn 0.4383 0.6349 -0.6363
vn 0.5347 0.7746 -0.3378
vn 0.5681 0.823 -0
vn 0.5347 0.7746 0.3378
vn 0.4383 0.6349 0.6363
vn 0.2897 0.4196 0.8603
vn 0.106 0.1535 0.9825
vn -0.0913 -0.1322 0.987
vn -0.2783 -0.4031 0.8718
vn -0.432 -0.6258 0.6494
vn -0.5329 -0.772 0.3464
vn -0.7019 -0.6224 -0.3464
vn -0.7482 -0.6634 0
vn -0.569 -0.5045 -0.6494
vn -0.3665 -0.325 -0.8718
vn -0.1202 -0.1066 -0.987
vn 0.1396 0.1237 -0.9825
vn 0.3815 0.3383 -0.8603
vn 0.5772 0.5118 -0.6363
vn 0.7042 0.6244 -0.3378
vn 0.7482 0.6634 -0
vn 0.7042 0.6244 0.3378
vn 0.5772 0.5118 0.6363
vn 0.3815 0.3383 0.8603
vn 0.1396 0.1237 0.9825
vn -0.1202 -0.1066 0.987
vn -0.3665 -0.325 0.8718
vn -0.569 -0.5045 0.6494
vn -0.7019 -0.6224 0.3464
vn -0.8303 -0.4367 -0.3464
vn -0.885 -0.4655 -0
vn -0.673 -0.354 -0.6494
vn -0.4336 -0.228 -0.8718
vn -0.1422 -0.0748 -0.987
vn 0.1651 0.0868 -0.9825
vn 0.4513 0.2373 -0.8603
vn 0.6828 0.3591 -0.6363
vn 0.833 0.4381 -0.3378
vn 0.885 0.4655 -0
vn 0.833 0.4381 0.3378
vn 0.6828 0.3591 0.6363
vn 0.4513 0.2373 0.8603
vn 0.1651 0.0868 0.9825
vn -0.1422 -0.0748 0.987
vn -0.4336 -0.228 0.8718
vn -0.673 -0.354 0.6494
vn -0.8303 -0.4367 0.3464
vn -0.9105 -0.2257 -0.3464
vn -0.9706 -0.2406 -0
vn -0.7381 -0.183 -0.6494
vn -0.4755 -0.1179 -0.8718
vn -0.1559 -0.0387 -0.987
vn 0.181 0.0449 -0.9825
vn 0.4949 0.1227 -0.8603
vn 0.7488 0.1856 -0.6363
vn 0.9136 0.2265 -0.3378
vn 0.9706 0.2406 -0
vn 0.9136 0.2265 0.3378
vn 0.7488 0.1856 0.6363
vn 0.4949 0.1227 0.8603
vn 0.181 0.0449 0.9825
vn -0.1559 -0.0387 0.987
vn -0.4755 -0.1179 0.8718
vn -0.7381 -0.183 0.6494
vn -0.9105 -0.2257 0.3464
vn -0.9373 -0.0578 -0.3437
vn -0.9981 -0.0616 0
vn -0.7623 -0.0469 -0.6455
vn -0.4946 -0.0302 -0.8686
vn -0.167 -0.0099 -0.9859
vn 0.1801 0.0115 -0.9836
vn 0.5047 0.0312 -0.8627
vn 0.7679 0.0471 -0.6389
vn 0.9389 0.0573 -0.3394
vn 0.9982 0.0608 -0
vn 0.9389 0.0573 0.3394
vn 0.7679 0.0471 0.6389
vn 0.5047 0.0312 0.8627
vn 0.1801 0.0115 0.9836
vn -0.167 -0.0099 0.9859
vn -0.4946 -0.0302 0.8686
vn -0.7623 -0.0469 0.6455
vn -0.9373 -0.0578 0.3437
vn -0.9974 -0.0714 0
vn 0.9373 -0.0714 -0.3411
vn 0.9373 -0.0714 0.3411
vn -0.7641 -0.0714 0.6412
vn -0.9373 -0.0714 0.3412
vn -0.0135 -0.997 0.0764
vn -0.0388 -0.997 0.0672
vn -0.0594 -0.997 0.0498
vn 0 -1 -0
vn 0.9433 -0.3319 0
vn 0.8864 -0.3319 -0.3226
vn 0.7154 -0.6987 0
vn 0.6723 -0.6987 -0.2447
vn 0.7226 -0.3319 -0.6063
vn 0.5481 -0.6987 -0.4599
vn 0.4717 -0.3319 -0.8169
vn 0.3577 -0.6987 -0.6196
vn 0.1638 -0.3319 -0.929
vn 0.1242 -0.6987 -0.7046
vn -0.1638 -0.3319 -0.929
vn -0.1242 -0.6987 -0.7046
vn -0.4717 -0.3319 -0.8169
vn -0.3577 -0.6987 -0.6196
vn -0.7226 -0.3319 -0.6063
vn -0.5481 -0.6987 -0.4599
vn -0.8864 -0.3319 -0.3226
vn -0.6723 -0.6987 -0.2447
vn -0.9433 -0.3319 -0
vn -0.7154 -0.6987 -0
vn -0.8864 -0.3319 0.3226
vn -0.6723 -0.6987 0.2447
vn -0.7226 -0.3319 0.6063
vn -0.5481 -0.6987 0.4599
vn -0.4717 -0.3319 0.8169
vn -0.3577 -0.6987 0.6196
vn -0.1638 -0.3319 0.929
vn -0.1242 -0.6987 0.7046
vn 0.1638 -0.3319 0.929
vn 0.1242 -0.6987 0.7046
vn 0.4717 -0.3319 0.8169
vn 0.3577 -0.6987 0.6196
vn 0.7226 -0.3319 0.6063
vn 0.5481 -0.6987 0.4599
vn 0.8864 -0.3319 0.3226
vn 0.6723 -0.6987 0.2447
vn 0.7154 -0.6987 -0
vn 0.0729 -0.997 0.0265
vn 0.0775 -0.997 0
vn 0.3495 -0.9369 0
vn 0.3284 -0.9369 0.1195
vn 0.0594 -0.997 0.0498
vn 0.2677 -0.9369 0.2246
vn 0.0388 -0.997 0.0672
vn 0.1747 -0.9369 0.3027
vn 0.0135 -0.997 0.0764
vn 0.0607 -0.9369 0.3442
vn -0.0607 -0.9369 0.3442
vn -0.1747 -0.9369 0.3027
vn -0.2677 -0.9369 0.2246
vn -0.0729 -0.997 0.0265
vn -0.3284 -0.9369 0.1195
vn -0.0775 -0.997 -0
vn -0.3495 -0.9369 -0
vn -0.0729 -0.997 -0.0265
vn -0.3284 -0.9369 -0.1195
vn -0.0594 -0.997 -0.0498
vn -0.2677 -0.9369 -0.2246
vn -0.0388 -0.997 -0.0672
vn -0.1747 -0.9369 -0.3027
vn -0.0135 -0.997 -0.0764
vn -0.0607 -0.9369 -0.3442
vn 0.0135 -0.997 -0.0764
vn 0.0607 -0.9369 -0.3442
vn 0.0388 -0.997 -0.0672
vn 0.1747 -0.9369 -0.3027
vn 0.0594 -0.997 -0.0498
vn 0.2677 -0.9369 -0.2246
vn 0.0729 -0.997 -0.0265
vn 0.3284 -0.9369 -0.1195
vn 0.0775 -0.997 -0
vn 0.3495 -0.9369 -0
vn 0.0388 -0.997 -0.0672
vn 0.0594 -0.997 -0.0498
vn 0.0729 -0.997 -0.0265
vn 0 -1 -0
vn 0.9974 -0.0714 0
vn 0.9373 -0.0714 -0.3412
vn 0.9373 0.0714 -0.3412
vn 0.9974 0.0714 0
vn 0.7641 -0.0714 -0.6411
vn 0.7641 0.0714 -0.6411
vn 0.4987 -0.0714 -0.8638
vn 0.4987 0.0714 -0.8638
vn 0.1732 -0.0714 -0.9823
vn 0.1732 0.0714 -0.9823
vn -0.1732 -0.0714 -0.9823
vn -0.1732 0.0714 -0.9823
vn -0.4987 -0.0714 -0.8638
vn -0.4987 0.0714 -0.8638
vn -0.7641 -0.0714 -0.6411
vn -0.7641 0.0714 -0.6411
vn -0.9373 -0.0714 -0.3411
vn -0.9373 0.0714 -0.3411
vn -0.9974 -0.0714 -0
vn -0.9974 0.0714 -0
vn -0.9373 -0.0714 0.3411
vn -0.9373 0.0714 0.3411
vn -0.7641 -0.0714 0.6411
vn -0.7641 0.0714 0.6411
vn -0.4987 -0.0714 0.8638
vn -0.4987 0.0714 0.8638
vn -0.1732 -0.0714 0.9823
vn -0.1732 0.0714 0.9823
vn 0.1732 -0.0714 0.9823
vn 0.1732 0.0714 0.9823
vn 0.4987 -0.0714 0.8638
vn 0.4987 0.0714 0.8638
vn 0.7641 -0.0714 0.6411
vn 0.7641 0.0714 0.6411
vn 0.9373 -0.0714 0.3412
vn 0.9373 0.0714 0.3412
vn -0.9974 0.0714 0
vn -0.9373 -0.0714 -0.3412
vn 0.7641 0.0714 -0.6412
vn 0.9373 0.0714 -0.3411
vn 0.9974 0.0714 -0
vn 0.9974 -0.0714 -0
vn 0.9373 0.0714 0.3411
vn 0.7641 0.0714 0.6412
vn -0.7641 0.0714 0.6412
vn -0.7641 -0.0714 0.6412
vn 0.0135 -0.997 -0.0764
vn -0.0594 0.997 0.0498
vn -0.0388 0.997 0.0672
vn -0.0135 0.997 0.0764
vn 0 1 -0
vn -0.0135 0.997 -0.0764
vn -0.0388 0.997 -0.0671
vn -0.0594 0.997 -0.0498
vn 0.8864 0.3319 -0.3226
vn 0.9433 0.3319 0
vn 0.6723 0.6987 -0.2447
vn 0.7154 0.6987 0
vn 0.7226 0.3319 -0.6063
vn 0.5481 0.6987 -0.4599
vn 0.4717 0.3319 -0.8169
vn 0.3577 0.6987 -0.6196
vn 0.1638 0.3319 -0.929
vn 0.1242 0.6987 -0.7046
vn -0.1638 0.3319 -0.929
vn -0.1242 0.6987 -0.7046
vn -0.4717 0.3319 -0.8169
vn -0.3577 0.6987 -0.6196
vn -0.7226 0.3319 -0.6063
vn -0.5481 0.6987 -0.4599
vn -0.8864 0.3319 -0.3226
vn -0.6723 0.6987 -0.2447
vn -0.9433 0.3319 -0
vn -0.7154 0.6987 -0
vn -0.8864 0.3319 0.3226
vn -0.6723 0.6987 0.2447
vn -0.7226 0.3319 0.6063
vn -0.5481 0.6987 0.4599
vn -0.4717 0.3319 0.8169
vn -0.3577 0.6987 0.6196
vn -0.1638 0.3319 0.929
vn -0.1242 0.6987 0.7046
vn 0.1638 0.3319 0.929
vn 0.1242 0.6987 0.7046
vn 0.4717 0.3319 0.8169
vn 0.3577 0.6987 0.6196
vn 0.7226 0.3319 0.6063
vn 0.5481 0.6987 0.4599
vn 0.8864 0.3319 0.3226
vn 0.6723 0.6987 0.2447
vn 0.0594 0.997 -0.0498
vn 0.0729 0.997 -0.0265
vn 0.3284 0.9369 -0.1195
vn 0.2677 0.9369 -0.2246
vn 0.0388 0.997 -0.0671
vn 0.1747 0.9369 -0.3027
vn 0.0135 0.997 -0.0764
vn 0.0607 0.9369 -0.3442
vn -0.0607 0.9369 -0.3442
vn -0.1747 0.9369 -0.3027
vn -0.2677 0.9369 -0.2246
vn -0.0729 0.997 -0.0265
vn -0.3284 0.9369 -0.1195
vn -0.0775 0.997 -0
vn -0.3495 0.9369 -0
vn -0.0729 0.997 0.0265
vn -0.3284 0.9369 0.1195
vn -0.2677 0.9369 0.2246
vn -0.0388 0.997 0.0671
vn -0.1747 0.9369 0.3027
vn -0.0607 0.9369 0.3442
vn 0.0135 0.997 0.0764
vn 0.0607 0.9369 0.3442
vn 0.0388 0.997 0.0671
vn 0.1747 0.9369 0.3027
vn 0.0594 0.997 0.0498
vn 0.2677 0.9369 0.2246
vn 0.0729 0.997 0.0265
vn 0.3284 0.9369 0.1195
vn 0.0775 0.997 0
vn 0.3495 0.9369 0
vn 0.7154 0.6987 -0
vn 0.0388 0.997 0.0672
vn 0.0388 0.997 -0.0672
vn -0.0388 0.997 -0.0672
vn 0.0594 -0.997 0.0498
vn 0.0729 -0.997 0.0265
vn 0.3284 -0.9369 0.1195
vn 0.2677 -0.9369 0.2246
vn 0.6723 -0.6987 0.2447
vn 0.5481 -0.6987 0.4599
vn 0.0388 -0.997 0.0672
vn 0.1747 -0.9369 0.3027
vn 0.3577 -0.6987 0.6196
vn 0.0135 -0.997 0.0764
vn 0.0607 -0.9369 0.3442
vn 0.1242 -0.6987 0.7046
vn -0.0135 -0.997 0.0764
vn -0.0607 -0.9369 0.3442
vn -0.1242 -0.6987 0.7046
vn -0.0388 -0.997 0.0672
vn -0.1747 -0.9369 0.3027
vn -0.3577 -0.6987 0.6196
vn -0.0594 -0.997 0.0498
vn -0.2677 -0.9369 0.2246
vn -0.5481 -0.6987 0.4599
vn -0.0729 -0.997 0.0265
vn -0.3284 -0.9369 0.1195
vn -0.6723 -0.6987 0.2447
vn -0.0775 -0.997 -0
vn -0.3495 -0.9369 -0
vn -0.7154 -0.6987 -0
vn -0.0729 -0.997 -0.0265
vn -0.3284 -0.9369 -0.1195
vn -0.6723 -0.6987 -0.2447
vn -0.0594 -0.997 -0.0498
vn -0.2677 -0.9369 -0.2246
vn -0.5481 -0.6987 -0.4599
vn -0.0388 -0.997 -0.0672
vn -0.1747 -0.9369 -0.3027
vn -0.3577 -0.6987 -0.6196
vn -0.0135 -0.997 -0.0764
vn -0.0607 -0.9369 -0.3442
vn -0.1242 -0.6987 -0.7046
vn 0.0607 -0.9369 -0.3442
vn 0.1242 -0.6987 -0.7046
vn 0.1747 -0.9369 -0.3027
vn 0.3577 -0.6987 -0.6196
vn 0.2677 -0.9369 -0.2246
vn 0.5481 -0.6987 -0.4599
vn 0.3284 -0.9369 -0.1195
vn 0.6723 -0.6987 -0.2447
vn 0.0775 -0.997 0
vn 0.3495 -0.9369 0
vn 0.7154 -0.6987 0
vn 0.9433 -0.3319 0
vn 0.8864 -0.3319 -0.3226
vn 0.7226 -0.3319 -0.6063
vn 0.4717 -0.3319 -0.8169
vn 0.1638 -0.3319 -0.929
vn -0.1638 -0.3319 -0.929
vn -0.4717 -0.3319 -0.8169
vn -0.7226 -0.3319 -0.6063
vn -0.8864 -0.3319 -0.3226
vn -0.9433 -0.3319 -0
vn -0.8864 -0.3319 0.3226
vn -0.7226 -0.3319 0.6063
vn -0.4717 -0.3319 0.8169
vn -0.1638 -0.3319 0.929
vn 0.1638 -0.3319 0.929
vn 0.4717 -0.3319 0.8169
vn 0.7226 -0.3319 0.6063
vn 0.8864 -0.3319 0.3226
vn 0.9433 -0.3319 -0
vn 0.7154 -0.6987 -0
vn 0.0775 -0.997 -0
vn 0.3495 -0.9369 -0
vn -0 1 -0
vn -0 1 0
#end 582 normals 

#begin 886 faces
o Box001
g Box001
s 2
f 1/1/1 2/2/2 3/904/3 4/905/4 
s 8
f 1/1/1 4/4/4 5/5/5 6/6/6 
s 32
f 7/906/7 8/8/8 9/9/9 10/10/10 
s 8
f 11/11/11 12/14/5 13/13/6 14/907/12 
s 32
f 15/911/13 16/16/9 17/17/10 18/909/14 
s off
f 6/6/6 5/5/5 11/11/11 14/907/12 
s 16
f 11/901/11 5/5/5 4/4/4 3/3/3 
s 64
f 1/1/1 6/6/6 14/908/12 2/2/2 
s off
f 10/10/10 9/9/9 15/911/13 18/909/14 
s 64
f 16/910/9 15/15/13 14/908/12 13/912/6 
s 4
f 17/18/10 16/910/9 13/912/6 12/12/5 
s 16
f 18/898/14 17/899/10 12/900/5 11/901/11 
s 64
f 15/15/13 9/9/9 8/8/8 19/19/2 
s 2
f 19/19/2 8/8/8 7/902/7 20/903/3 
s 16
f 20/20/3 7/7/7 10/897/10 18/898/14 
f 18/898/14 11/901/11 3/3/3 20/20/3 
s 2
f 20/903/3 3/904/3 2/2/2 19/19/2 
s 64
f 19/19/2 2/2/2 14/908/12 15/15/13 
o Box002
g Box002
s 2
f 21/21/15 22/22/15 23/23/16 24/24/16 
s 8
f 25/25/17 26/26/18 27/27/19 28/28/20 
s 32
f 29/29/21 30/30/22 31/31/23 32/32/24 
s 8
f 33/33/25 34/34/19 35/35/20 36/36/26 
s 32
f 37/37/27 38/38/23 39/39/24 40/40/28 
s off
f 28/28/20 27/27/19 33/33/25 36/36/26 
s 16
f 33/916/25 24/914/16 23/913/16 40/923/28 
s 64
f 36/918/26 37/919/27 22/22/15 21/21/15 
s off
f 32/32/24 31/31/23 37/37/27 40/40/28 
s 64
f 38/920/23 37/919/27 36/918/26 35/915/20 
s 4
f 39/921/24 38/920/23 35/915/20 34/924/19 
s 16
f 40/923/28 39/922/24 34/925/19 33/916/25 
s 64
f 37/919/27 31/31/23 30/30/22 22/22/15 
s 2
f 22/22/15 30/30/22 29/928/21 23/23/16 
s 16
f 23/913/16 29/927/21 32/926/24 40/923/28 
f 33/916/25 27/27/19 26/26/18 24/914/16 
s 2
f 24/24/16 26/917/18 25/25/17 21/21/15 
s 64
f 21/21/15 25/25/17 28/28/20 36/918/26 
o Cylinder001
g Cylinder001
s 1
f 41/41/29 42/42/30 43/43/31 44/44/32 
f 42/42/30 45/1034/33 46/46/34 43/43/31 
f 45/1034/33 47/47/35 48/48/36 46/46/34 
f 47/1016/35 49/49/37 50/50/38 48/1017/36 
f 49/49/37 51/51/39 52/52/40 50/50/38 
f 51/51/39 53/53/41 54/54/42 52/52/40 
f 53/53/41 55/55/43 56/56/44 54/54/42 
f 55/55/43 57/57/45 58/58/46 56/56/44 
f 57/57/45 59/59/47 60/60/48 58/58/46 
f 59/59/47 61/61/49 62/62/50 60/60/48 
f 61/61/49 63/63/51 64/64/52 62/62/50 
f 63/63/51 65/65/53 66/66/54 64/64/52 
f 65/65/53 67/67/55 68/68/56 66/66/54 
f 67/67/55 69/69/57 70/70/58 68/68/56 
f 69/69/57 71/71/59 72/72/60 70/70/58 
f 71/71/59 73/73/61 74/74/62 72/72/60 
f 73/73/61 75/75/63 76/76/64 74/74/62 
f 75/75/63 41/41/29 44/44/32 76/76/64 
f 44/44/32 43/43/31 77/77/65 78/78/66 
f 43/43/31 46/46/34 79/79/67 77/77/65 
f 46/46/34 48/48/36 80/80/68 79/79/67 
f 48/1017/36 50/50/38 81/81/69 80/1019/68 
f 50/50/38 52/52/40 82/82/70 81/81/69 
f 52/52/40 54/54/42 83/83/71 82/82/70 
f 54/54/42 56/56/44 84/84/72 83/83/71 
f 56/56/44 58/58/46 85/85/73 84/84/72 
f 58/58/46 60/60/48 86/86/74 85/85/73 
f 60/60/48 62/62/50 87/87/75 86/86/74 
f 62/62/50 64/64/52 88/88/76 87/87/75 
f 64/64/52 66/66/54 89/89/77 88/88/76 
f 66/66/54 68/68/56 90/90/78 89/89/77 
f 68/68/56 70/70/58 91/91/79 90/90/78 
f 70/70/58 72/72/60 92/92/80 91/91/79 
f 72/72/60 74/74/62 93/93/81 92/92/80 
f 74/74/62 76/76/64 94/94/82 93/93/81 
f 76/76/64 44/44/32 78/78/66 94/94/82 
f 78/78/66 77/77/65 95/95/83 96/96/84 
f 77/77/65 79/79/67 97/97/85 95/95/83 
f 79/79/67 80/80/68 98/98/86 97/97/85 
f 80/1019/68 81/81/69 99/99/87 98/1020/86 
f 81/81/69 82/82/70 100/100/88 99/99/87 
f 82/82/70 83/83/71 101/101/89 100/100/88 
f 83/83/71 84/84/72 102/102/90 101/101/89 
f 84/84/72 85/85/73 103/103/91 102/102/90 
f 85/85/73 86/86/74 104/104/92 103/103/91 
f 86/86/74 87/87/75 105/105/93 104/104/92 
f 87/87/75 88/88/76 106/106/94 105/105/93 
f 88/88/76 89/89/77 107/107/95 106/106/94 
f 89/89/77 90/90/78 108/108/96 107/107/95 
f 90/90/78 91/91/79 109/109/97 108/108/96 
f 91/91/79 92/92/80 110/110/98 109/109/97 
f 92/92/80 93/93/81 111/111/99 110/110/98 
f 93/93/81 94/94/82 112/112/100 111/111/99 
f 94/94/82 78/78/66 96/96/84 112/112/100 
f 96/96/84 95/95/83 113/113/101 114/114/102 
f 95/95/83 97/97/85 115/115/103 113/113/101 
f 97/97/85 98/98/86 116/116/104 115/115/103 
f 98/1020/86 99/99/87 117/117/105 116/1021/104 
f 99/99/87 100/100/88 118/118/106 117/117/105 
f 100/100/88 101/101/89 119/119/107 118/118/106 
f 101/101/89 102/102/90 120/120/108 119/119/107 
f 102/102/90 103/103/91 121/121/109 120/120/108 
f 103/103/91 104/104/92 122/122/110 121/121/109 
f 104/104/92 105/105/93 123/123/111 122/122/110 
f 105/105/93 106/106/94 124/124/112 123/123/111 
f 106/106/94 107/107/95 125/125/113 124/124/112 
f 107/107/95 108/108/96 126/126/114 125/125/113 
f 108/108/96 109/109/97 127/127/115 126/126/114 
f 109/109/97 110/110/98 128/128/116 127/127/115 
f 110/110/98 111/111/99 129/129/117 128/128/116 
f 111/111/99 112/112/100 130/130/118 129/129/117 
f 112/112/100 96/96/84 114/114/102 130/130/118 
f 114/114/102 113/113/101 131/131/119 132/132/120 
f 113/113/101 115/115/103 133/133/121 131/131/119 
f 115/115/103 116/116/104 134/134/122 133/133/121 
f 116/1021/104 117/117/105 135/135/123 134/1023/122 
f 117/117/105 118/118/106 136/136/124 135/135/123 
f 118/118/106 119/119/107 137/137/125 136/136/124 
f 119/119/107 120/120/108 138/138/126 137/137/125 
f 120/120/108 121/121/109 139/139/127 138/138/126 
f 121/121/109 122/122/110 140/140/128 139/139/127 
f 122/122/110 123/123/111 141/141/129 140/140/128 
f 123/123/111 124/124/112 142/142/130 141/141/129 
f 124/124/112 125/125/113 143/143/131 142/142/130 
f 125/125/113 126/126/114 144/144/132 143/143/131 
f 126/126/114 127/127/115 145/145/133 144/144/132 
f 127/127/115 128/128/116 146/146/134 145/145/133 
f 128/128/116 129/129/117 147/147/135 146/146/134 
f 129/129/117 130/130/118 148/148/136 147/147/135 
f 130/130/118 114/114/102 132/132/120 148/148/136 
f 132/132/120 131/131/119 149/149/137 150/150/138 
f 131/131/119 133/133/121 151/151/139 149/149/137 
f 133/133/121 134/134/122 152/152/140 151/151/139 
f 134/1023/122 135/135/123 153/153/141 152/1024/140 
f 135/135/123 136/136/124 154/154/142 153/153/141 
f 136/136/124 137/137/125 155/155/143 154/154/142 
f 137/137/125 138/138/126 156/156/144 155/155/143 
f 138/138/126 139/139/127 157/157/145 156/156/144 
f 139/139/127 140/140/128 158/158/146 157/157/145 
f 140/140/128 141/141/129 159/159/147 158/158/146 
f 141/141/129 142/142/130 160/160/148 159/159/147 
f 142/142/130 143/143/131 161/161/149 160/160/148 
f 143/143/131 144/144/132 162/162/150 161/161/149 
f 144/144/132 145/145/133 163/163/151 162/162/150 
f 145/145/133 146/146/134 164/164/152 163/163/151 
f 146/146/134 147/147/135 165/165/153 164/164/152 
f 147/147/135 148/148/136 166/166/154 165/165/153 
f 148/148/136 132/132/120 150/150/138 166/166/154 
f 150/150/138 149/149/137 167/167/155 168/168/156 
f 149/149/137 151/151/139 169/169/157 167/167/155 
f 151/151/139 152/152/140 170/170/158 169/169/157 
f 152/1024/140 153/153/141 171/171/159 170/999/158 
f 153/153/141 154/154/142 172/172/160 171/171/159 
f 154/154/142 155/155/143 173/173/161 172/172/160 
f 155/155/143 156/156/144 174/174/162 173/173/161 
f 156/156/144 157/157/145 175/175/163 174/174/162 
f 157/157/145 158/158/146 176/176/164 175/175/163 
f 158/158/146 159/159/147 177/177/165 176/176/164 
f 159/159/147 160/160/148 178/178/166 177/177/165 
f 160/160/148 161/161/149 179/179/167 178/178/166 
f 161/161/149 162/162/150 180/180/168 179/179/167 
f 162/162/150 163/163/151 181/181/169 180/180/168 
f 163/163/151 164/164/152 182/182/170 181/181/169 
f 164/164/152 165/165/153 183/183/171 182/182/170 
f 165/165/153 166/166/154 184/184/172 183/183/171 
f 166/166/154 150/150/138 168/168/156 184/184/172 
f 168/168/156 167/167/155 185/185/173 186/186/174 
f 167/167/155 169/169/157 187/187/175 185/185/173 
f 169/169/157 170/170/158 188/188/176 187/187/175 
f 170/999/158 171/171/159 189/189/177 188/1026/176 
f 171/171/159 172/172/160 190/190/178 189/189/177 
f 172/172/160 173/173/161 191/191/179 190/190/178 
f 173/173/161 174/174/162 192/192/180 191/191/179 
f 174/174/162 175/175/163 193/193/181 192/192/180 
f 175/175/163 176/176/164 194/194/182 193/193/181 
f 176/176/164 177/177/165 195/195/183 194/194/182 
f 177/177/165 178/178/166 196/196/184 195/195/183 
f 178/178/166 179/179/167 197/197/185 196/196/184 
f 179/179/167 180/180/168 198/198/186 197/197/185 
f 180/180/168 181/181/169 199/199/187 198/198/186 
f 181/181/169 182/182/170 200/200/188 199/199/187 
f 182/182/170 183/183/171 201/201/189 200/200/188 
f 183/183/171 184/184/172 202/202/190 201/201/189 
f 184/184/172 168/168/156 186/186/174 202/202/190 
f 186/186/174 185/185/173 203/203/191 204/204/192 
f 185/185/173 187/187/175 205/205/193 203/203/191 
f 187/187/175 188/188/176 206/206/194 205/205/193 
f 188/1026/176 189/189/177 207/207/195 206/1009/194 
f 189/189/177 190/190/178 208/208/196 207/207/195 
f 190/190/178 191/191/179 209/209/197 208/208/196 
f 191/191/179 192/192/180 210/210/198 209/209/197 
f 192/192/180 193/193/181 211/211/199 210/210/198 
f 193/193/181 194/194/182 212/212/200 211/211/199 
f 194/194/182 195/195/183 213/213/201 212/212/200 
f 195/195/183 196/196/184 214/214/202 213/213/201 
f 196/196/184 197/197/185 215/215/203 214/214/202 
f 197/197/185 198/198/186 216/216/204 215/215/203 
f 198/198/186 199/199/187 217/217/205 216/216/204 
f 199/199/187 200/200/188 218/218/206 217/217/205 
f 200/200/188 201/201/189 219/219/207 218/218/206 
f 201/201/189 202/202/190 220/220/208 219/219/207 
f 202/202/190 186/186/174 204/204/192 220/220/208 
f 204/204/192 203/203/191 221/221/209 222/222/210 
f 203/203/191 205/205/193 223/223/211 221/221/209 
f 205/205/193 206/206/194 224/224/212 223/223/211 
f 206/1009/194 207/207/195 225/225/213 224/1027/212 
f 207/207/195 208/208/196 226/226/214 225/225/213 
f 208/208/196 209/209/197 227/227/215 226/226/214 
f 209/209/197 210/210/198 228/228/216 227/227/215 
f 210/210/198 211/211/199 229/229/217 228/228/216 
f 211/211/199 212/212/200 230/230/218 229/229/217 
f 212/212/200 213/213/201 231/231/219 230/230/218 
f 213/213/201 214/214/202 232/232/220 231/231/219 
f 214/214/202 215/215/203 233/233/221 232/232/220 
f 215/215/203 216/216/204 234/234/222 233/233/221 
f 216/216/204 217/217/205 235/235/223 234/234/222 
f 217/217/205 218/218/206 236/236/224 235/235/223 
f 218/218/206 219/219/207 237/237/225 236/236/224 
f 219/219/207 220/220/208 238/238/226 237/237/225 
f 220/220/208 204/204/192 222/222/210 238/238/226 
f 222/222/210 221/221/209 239/239/227 240/240/228 
f 221/221/209 223/223/211 241/241/229 239/239/227 
f 223/223/211 224/224/212 242/242/230 241/241/229 
f 224/1027/212 225/225/213 243/243/231 242/1028/230 
f 225/225/213 226/226/214 244/244/232 243/243/231 
f 226/226/214 227/227/215 245/245/233 244/244/232 
f 227/227/215 228/228/216 246/246/234 245/245/233 
f 228/228/216 229/229/217 247/247/235 246/246/234 
f 229/229/217 230/230/218 248/248/236 247/247/235 
f 230/230/218 231/231/219 249/249/237 248/248/236 
f 231/231/219 232/232/220 250/250/238 249/249/237 
f 232/232/220 233/233/221 251/251/239 250/250/238 
f 233/233/221 234/234/222 252/252/240 251/251/239 
f 234/234/222 235/235/223 253/253/241 252/252/240 
f 235/235/223 236/236/224 254/254/242 253/253/241 
f 236/236/224 237/237/225 255/255/243 254/254/242 
f 237/237/225 238/238/226 256/256/244 255/255/243 
f 238/238/226 222/222/210 240/240/228 256/256/244 
f 240/240/228 239/239/227 257/257/245 258/258/246 
f 239/239/227 241/241/229 259/259/247 257/257/245 
f 241/241/229 242/242/230 260/260/248 259/259/247 
f 242/1028/230 243/243/231 261/261/249 260/1003/248 
f 243/243/231 244/244/232 262/262/250 261/261/249 
f 244/244/232 245/245/233 263/263/251 262/262/250 
f 245/245/233 246/246/234 264/264/252 263/263/251 
f 246/246/234 247/247/235 265/265/253 264/264/252 
f 247/247/235 248/248/236 266/266/254 265/265/253 
f 248/248/236 249/249/237 267/267/255 266/266/254 
f 249/249/237 250/250/238 268/268/256 267/267/255 
f 250/250/238 251/251/239 269/269/257 268/268/256 
f 251/251/239 252/252/240 270/270/258 269/269/257 
f 252/252/240 253/253/241 271/271/259 270/270/258 
f 253/253/241 254/254/242 272/272/260 271/271/259 
f 254/254/242 255/255/243 273/273/261 272/272/260 
f 255/255/243 256/256/244 274/274/262 273/273/261 
f 256/256/244 240/240/228 258/258/246 274/274/262 
f 258/258/246 257/257/245 275/275/263 276/276/264 
f 257/257/245 259/259/247 277/277/265 275/275/263 
f 259/259/247 260/260/248 278/278/266 277/277/265 
f 260/1003/248 261/261/249 279/279/267 278/1029/266 
f 261/261/249 262/262/250 280/280/268 279/279/267 
f 262/262/250 263/263/251 281/281/269 280/280/268 
f 263/263/251 264/264/252 282/282/270 281/281/269 
f 264/264/252 265/265/253 283/283/271 282/282/270 
f 265/265/253 266/266/254 284/284/272 283/283/271 
f 266/266/254 267/267/255 285/285/273 284/284/272 
f 267/267/255 268/268/256 286/286/274 285/285/273 
f 268/268/256 269/269/257 287/287/275 286/286/274 
f 269/269/257 270/270/258 288/288/276 287/287/275 
f 270/270/258 271/271/259 289/289/277 288/288/276 
f 271/271/259 272/272/260 290/290/278 289/289/277 
f 272/272/260 273/273/261 291/291/279 290/290/278 
f 273/273/261 274/274/262 292/292/280 291/291/279 
f 274/274/262 258/258/246 276/276/264 292/292/280 
f 276/276/264 275/275/263 293/293/281 294/294/282 
f 275/275/263 277/277/265 295/295/283 293/293/281 
f 277/277/265 278/278/266 296/296/284 295/295/283 
f 278/1029/266 279/279/267 297/297/285 296/1030/284 
f 279/279/267 280/280/268 298/298/286 297/297/285 
f 280/280/268 281/281/269 299/299/287 298/298/286 
f 281/281/269 282/282/270 300/300/288 299/299/287 
f 282/282/270 283/283/271 301/301/289 300/300/288 
f 283/283/271 284/284/272 302/302/290 301/301/289 
f 284/284/272 285/285/273 303/303/291 302/302/290 
f 285/285/273 286/286/274 304/304/292 303/303/291 
f 286/286/274 287/287/275 305/305/293 304/304/292 
f 287/287/275 288/288/276 306/306/294 305/305/293 
f 288/288/276 289/289/277 307/307/295 306/306/294 
f 289/289/277 290/290/278 308/308/296 307/307/295 
f 290/290/278 291/291/279 309/309/297 308/308/296 
f 291/291/279 292/292/280 310/310/298 309/309/297 
f 292/292/280 276/276/264 294/294/282 310/310/298 
f 294/294/282 293/293/281 311/311/45 312/312/299 
f 293/293/281 295/295/283 313/313/43 311/311/45 
f 295/295/283 296/296/284 314/314/41 313/313/43 
f 296/1030/284 297/297/285 315/315/39 314/1032/41 
f 297/297/285 298/298/286 316/316/37 315/315/39 
f 298/298/286 299/299/287 317/317/35 316/316/37 
f 299/299/287 300/300/288 318/318/33 317/317/35 
f 300/300/288 301/301/289 319/319/300 318/318/33 
f 301/301/289 302/302/290 320/320/29 319/319/300 
f 302/302/290 303/303/291 321/321/301 320/320/29 
f 303/303/291 304/304/292 322/322/61 321/321/301 
f 304/304/292 305/305/293 323/323/59 322/322/61 
f 305/305/293 306/306/294 324/324/57 323/323/59 
f 306/306/294 307/307/295 325/325/55 324/324/57 
f 307/307/295 308/308/296 326/326/53 325/325/55 
f 308/308/296 309/309/297 327/327/302 326/326/53 
f 309/309/297 310/310/298 328/328/303 327/327/302 
f 310/310/298 294/294/282 312/312/299 328/328/303 
f 329/329/304 330/330/305 331/331/306 332/332/307 
f 333/333/304 334/334/305 335/335/306 336/336/307 
f 42/1000/30 41/997/29 337/337/308 338/338/309 
f 338/338/309 337/337/308 339/339/310 340/340/311 
f 45/45/33 42/1000/30 338/338/309 341/341/312 
f 341/341/312 338/338/309 340/340/311 342/342/313 
f 47/1016/35 45/45/33 341/341/312 343/343/314 
f 343/343/314 341/341/312 342/342/313 344/344/315 
f 49/49/37 47/1016/35 343/343/314 345/345/316 
f 345/345/316 343/343/314 344/344/315 346/346/317 
f 51/1031/39 49/49/37 345/345/316 347/347/318 
f 347/347/318 345/345/316 346/346/317 348/348/319 
f 53/1038/41 51/1031/39 347/347/318 349/349/320 
f 349/349/320 347/347/318 348/348/319 350/350/321 
f 55/1041/43 53/1038/41 349/349/320 351/351/322 
f 351/351/322 349/349/320 350/350/321 352/352/323 
f 57/1013/45 55/1041/43 351/351/322 353/353/324 
f 353/353/324 351/351/322 352/352/323 354/354/325 
f 59/1037/47 57/1013/45 353/353/324 355/355/326 
f 355/355/326 353/353/324 354/354/325 356/356/327 
f 61/1039/49 59/1037/47 355/355/326 357/357/328 
f 357/357/328 355/355/326 356/356/327 358/358/329 
f 63/1011/51 61/1039/49 357/357/328 359/359/330 
f 359/359/330 357/357/328 358/358/329 360/360/331 
f 65/1044/53 63/1011/51 359/359/330 361/361/332 
f 361/361/332 359/359/330 360/360/331 362/362/333 
f 67/1006/55 65/1044/53 361/361/332 363/363/334 
f 363/363/334 361/361/332 362/362/333 364/364/335 
f 69/1005/57 67/1006/55 363/363/334 365/365/336 
f 365/365/336 363/363/334 364/364/335 366/366/337 
f 71/1007/59 69/1005/57 365/365/336 367/367/338 
f 367/367/338 365/365/336 366/366/337 368/368/339 
f 73/1008/61 71/1007/59 367/367/338 369/369/340 
f 369/369/340 367/367/338 368/368/339 370/370/341 
f 75/1015/63 73/1008/61 369/369/340 371/371/342 
f 371/371/342 369/369/340 370/370/341 372/372/343 
f 41/997/29 75/1015/63 371/371/342 337/337/308 
f 337/337/308 371/371/342 372/372/343 339/339/310 
f 312/998/299 311/1001/45 373/373/324 374/374/326 
f 374/374/326 373/373/324 375/375/325 376/376/327 
f 311/1001/45 313/1033/43 377/377/322 373/373/324 
f 373/373/324 377/377/322 378/378/323 375/375/325 
f 313/1033/43 314/1032/41 379/379/320 377/377/322 
f 377/377/322 379/379/320 380/380/321 378/378/323 
f 314/1032/41 315/315/39 381/381/318 379/379/320 
f 379/379/320 381/381/318 382/382/319 380/380/321 
f 315/315/39 316/1040/37 383/383/316 381/381/318 
f 381/381/318 383/383/316 384/384/317 382/382/319 
f 316/1040/37 317/1025/35 385/385/314 383/383/316 
f 383/383/316 385/385/314 386/386/315 384/384/317 
f 317/1025/35 318/1042/33 387/387/312 385/385/314 
f 385/385/314 387/387/312 388/388/313 386/386/315 
f 318/1042/33 319/1022/300 389/389/309 387/387/312 
f 387/387/312 389/389/309 390/390/311 388/388/313 
f 319/1022/300 320/1035/29 391/391/308 389/389/309 
f 389/389/309 391/391/308 392/392/344 390/390/311 
f 320/1035/29 321/1018/301 393/393/342 391/391/308 
f 391/391/308 393/393/342 394/394/343 392/392/344 
f 321/1018/301 322/1036/61 395/395/340 393/393/342 
f 393/393/342 395/395/340 396/396/341 394/394/343 
f 322/1036/61 323/1043/59 397/397/338 395/395/340 
f 395/395/340 397/397/338 398/398/339 396/396/341 
f 323/1043/59 324/1004/57 399/399/336 397/397/338 
f 397/397/338 399/399/336 400/400/337 398/398/339 
f 324/1004/57 325/1002/55 401/401/334 399/399/336 
f 399/399/336 401/401/334 402/402/335 400/400/337 
f 325/1002/55 326/1012/53 403/403/332 401/401/334 
f 401/401/334 403/403/332 404/404/333 402/402/335 
f 326/1012/53 327/1010/302 405/405/330 403/403/332 
f 403/403/332 405/405/330 406/406/331 404/404/333 
f 327/1010/302 328/1014/303 407/407/328 405/405/330 
f 405/405/330 407/407/328 408/408/329 406/406/331 
f 328/1014/303 312/998/299 374/374/326 407/407/328 
f 407/407/328 374/374/326 376/376/327 408/408/329 
f 409/409/345 410/410/346 411/411/347 412/412/348 
f 412/412/348 411/411/347 339/339/310 372/372/343 
f 413/413/349 409/409/345 412/412/348 414/414/350 
f 414/414/350 412/412/348 372/372/343 370/370/341 
f 415/415/351 413/413/349 414/414/350 416/416/352 
f 416/416/352 414/414/350 370/370/341 368/368/339 
f 417/417/353 415/415/351 416/416/352 418/418/354 
f 418/418/354 416/416/352 368/368/339 366/366/337 
f 329/329/304 417/417/353 418/418/354 419/419/355 
f 419/419/355 418/418/354 366/366/337 364/364/335 
f 330/330/305 329/329/304 419/419/355 420/420/356 
f 420/420/356 419/419/355 364/364/335 362/362/333 
f 331/331/306 330/330/305 420/420/356 421/421/357 
f 421/421/357 420/420/356 362/362/333 360/360/331 
f 422/422/358 331/331/306 421/421/357 423/423/359 
f 423/423/359 421/421/357 360/360/331 358/358/329 
f 424/424/360 422/422/358 423/423/359 425/425/361 
f 425/425/361 423/423/359 358/358/329 356/356/327 
f 426/426/362 424/424/360 425/425/361 427/427/363 
f 427/427/363 425/425/361 356/356/327 354/354/325 
f 428/428/364 426/426/362 427/427/363 429/429/365 
f 429/429/365 427/427/363 354/354/325 352/352/323 
f 430/430/366 428/428/364 429/429/365 431/431/367 
f 431/431/367 429/429/365 352/352/323 350/350/321 
f 432/432/368 430/430/366 431/431/367 433/433/369 
f 433/433/369 431/431/367 350/350/321 348/348/319 
f 434/434/370 432/432/368 433/433/369 435/435/371 
f 435/435/371 433/433/369 348/348/319 346/346/317 
f 436/436/372 434/434/370 435/435/371 437/437/373 
f 437/437/373 435/435/371 346/346/317 344/344/315 
f 438/438/374 436/436/372 437/437/373 439/439/375 
f 439/439/375 437/437/373 344/344/315 342/342/313 
f 440/440/376 438/438/374 439/439/375 441/441/377 
f 441/441/377 439/439/375 342/342/313 340/340/311 
f 410/410/346 440/440/376 441/441/377 411/411/347 
f 411/411/347 441/441/377 340/340/311 339/339/310 
f 442/442/364 443/443/362 444/444/363 445/445/365 
f 445/445/365 444/444/363 375/375/325 378/378/323 
f 446/446/366 442/442/364 445/445/365 447/447/367 
f 447/447/367 445/445/365 378/378/323 380/380/321 
f 448/448/368 446/446/366 447/447/367 449/449/369 
f 449/449/369 447/447/367 380/380/321 382/382/319 
f 450/450/370 448/448/368 449/449/369 451/451/371 
f 451/451/371 449/449/369 382/382/319 384/384/317 
f 452/452/372 450/450/370 451/451/371 453/453/373 
f 453/453/373 451/451/371 384/384/317 386/386/315 
f 454/454/374 452/452/372 453/453/373 455/455/375 
f 455/455/375 453/453/373 386/386/315 388/388/313 
f 456/456/376 454/454/374 455/455/375 457/457/377 
f 457/457/377 455/455/375 388/388/313 390/390/311 
f 458/458/378 456/456/376 457/457/377 459/459/379 
f 459/459/379 457/457/377 390/390/311 392/392/344 
f 460/460/345 458/458/378 459/459/379 461/461/348 
f 461/461/348 459/459/379 392/392/344 394/394/343 
f 462/462/349 460/460/345 461/461/348 463/463/350 
f 463/463/350 461/461/348 394/394/343 396/396/341 
f 464/464/351 462/462/349 463/463/350 465/465/352 
f 465/465/352 463/463/350 396/396/341 398/398/339 
f 466/466/353 464/464/351 465/465/352 467/467/354 
f 467/467/354 465/465/352 398/398/339 400/400/337 
f 333/333/304 466/466/353 467/467/354 468/468/355 
f 468/468/355 467/467/354 400/400/337 402/402/335 
f 334/334/305 333/333/304 468/468/355 469/469/356 
f 469/469/356 468/468/355 402/402/335 404/404/333 
f 335/335/306 334/334/305 469/469/356 470/470/357 
f 470/470/357 469/469/356 404/404/333 406/406/331 
f 471/471/358 335/335/306 470/470/357 472/472/359 
f 472/472/359 470/470/357 406/406/331 408/408/329 
f 473/473/360 471/471/358 472/472/359 474/474/361 
f 474/474/361 472/472/359 408/408/329 376/376/327 
f 443/443/362 473/473/360 474/474/361 444/444/363 
f 444/444/363 474/474/361 376/376/327 375/375/325 
f 424/424/360 426/426/362 475/475/307 476/476/307 
f 422/422/358 424/424/360 476/476/307 477/477/307 
f 331/331/306 422/422/358 477/477/307 332/332/307 
f 426/426/362 428/428/364 478/478/307 475/475/307 
f 428/428/364 430/430/366 432/432/368 478/478/307 
f 434/434/370 436/436/372 438/438/374 479/479/307 
f 479/479/307 438/438/374 440/440/376 480/480/307 
f 480/480/307 440/440/376 410/410/346 481/481/307 
f 481/481/307 410/410/346 409/409/345 482/482/307 
f 482/482/307 409/409/345 413/413/349 483/483/307 
f 483/483/307 413/413/349 415/415/351 417/417/353 
f 417/417/353 329/329/304 332/332/307 483/483/307 
f 483/483/307 332/332/307 477/477/307 482/482/307 
f 482/482/307 477/477/307 476/476/307 481/481/307 
f 481/481/307 476/476/307 475/475/307 480/480/307 
f 480/480/307 475/475/307 478/478/307 479/479/307 
f 479/479/307 478/478/307 432/432/368 434/434/370 
f 473/473/360 443/443/362 484/484/307 485/485/307 
f 471/471/358 473/473/360 485/485/307 486/486/307 
f 335/335/306 471/471/358 486/486/307 336/336/307 
f 443/443/362 442/442/364 487/487/307 484/484/307 
f 442/442/364 446/446/366 448/448/368 487/487/307 
f 450/450/370 452/452/372 454/454/374 488/488/307 
f 488/488/307 454/454/374 456/456/376 489/489/307 
f 489/489/307 456/456/376 458/458/378 490/490/307 
f 490/490/307 458/458/378 460/460/345 491/491/307 
f 491/491/307 460/460/345 462/462/349 492/492/307 
f 492/492/307 462/462/349 464/464/351 466/466/353 
f 466/466/353 333/333/304 336/336/307 492/492/307 
f 492/492/307 336/336/307 486/486/307 491/491/307 
f 491/491/307 486/486/307 485/485/307 490/490/307 
f 490/490/307 485/485/307 484/484/307 489/489/307 
f 489/489/307 484/484/307 487/487/307 488/488/307 
f 488/488/307 487/487/307 448/448/368 450/450/370 
o Object001
g Object001
s 1
f 493/493/380 494/494/381 495/495/382 496/496/383 
f 497/497/384 498/498/385 499/499/386 500/500/387 
f 498/498/385 501/501/388 502/502/389 499/499/386 
f 501/501/388 503/503/390 504/504/391 502/502/389 
f 503/503/390 505/505/392 506/506/393 504/504/391 
f 505/505/392 507/507/394 508/508/395 506/506/393 
f 507/507/394 509/509/396 510/510/397 508/508/395 
f 509/509/396 511/511/398 512/512/399 510/510/397 
f 511/511/398 513/513/400 514/514/401 512/512/399 
f 513/513/400 515/515/402 516/516/403 514/514/401 
f 515/515/402 517/517/404 518/518/405 516/516/403 
f 517/517/404 519/519/406 520/520/407 518/518/405 
f 519/519/406 521/521/408 522/522/409 520/520/407 
f 521/521/408 523/523/410 524/524/411 522/522/409 
f 523/523/410 525/525/412 526/526/413 524/524/411 
f 525/932/412 527/527/414 528/528/415 526/931/413 
f 527/527/414 529/529/416 530/530/417 528/528/415 
f 529/529/416 531/531/418 532/532/419 530/530/417 
f 531/531/418 497/497/384 500/500/387 532/532/419 
f 533/533/420 534/534/401 535/535/421 536/536/402 
f 534/534/401 537/537/399 538/538/398 535/535/421 
f 537/537/399 539/539/397 540/540/396 538/538/398 
f 539/972/397 541/541/395 542/542/394 540/973/396 
f 541/541/395 543/543/393 544/544/392 542/542/394 
f 543/543/393 545/545/391 546/546/390 544/544/392 
f 545/545/391 547/547/422 548/548/388 546/546/390 
f 547/547/422 549/549/423 550/550/385 548/548/388 
f 549/549/423 551/551/424 552/552/425 550/550/385 
f 551/551/424 553/553/426 554/554/418 552/552/425 
f 553/553/426 555/555/427 556/556/416 554/554/418 
f 555/555/427 557/557/415 558/558/414 556/556/416 
f 557/557/415 559/559/413 560/560/412 558/558/414 
f 559/559/413 561/561/411 562/562/410 560/560/412 
f 561/561/411 563/563/409 564/564/408 562/562/410 
f 563/563/409 565/565/428 566/566/429 564/564/408 
f 565/565/428 567/567/405 568/568/404 566/566/429 
f 567/567/405 533/533/420 536/536/402 568/568/404 
f 569/569/430 570/570/380 571/571/383 572/572/383 
f 573/573/431 574/574/432 575/575/433 576/576/434 
f 577/577/435 578/578/436 579/579/437 580/580/434 
f 500/960/387 499/955/386 581/581/438 582/582/439 
f 582/582/439 581/581/438 583/583/440 584/584/441 
f 499/955/386 502/954/389 585/585/442 581/581/438 
f 581/581/438 585/585/442 586/586/443 583/583/440 
f 502/954/389 504/957/391 587/587/444 585/585/442 
f 585/585/442 587/587/444 588/588/445 586/586/443 
f 504/957/391 506/956/393 589/589/446 587/587/444 
f 587/587/444 589/589/446 590/590/447 588/588/445 
f 506/956/393 508/935/395 591/591/448 589/589/446 
f 589/589/446 591/591/448 592/592/449 590/590/447 
f 508/935/395 510/933/397 593/593/450 591/591/448 
f 591/591/448 593/593/450 594/594/451 592/592/449 
f 510/933/397 512/951/399 595/595/452 593/593/450 
f 593/593/450 595/595/452 596/596/453 594/594/451 
f 512/951/399 514/950/401 597/597/454 595/595/452 
f 595/595/452 597/597/454 598/598/455 596/596/453 
f 514/950/401 516/945/403 599/599/456 597/597/454 
f 597/597/454 599/599/456 600/600/457 598/598/455 
f 516/945/403 518/943/405 601/601/458 599/599/456 
f 599/599/456 601/601/458 602/602/459 600/600/457 
f 518/943/405 520/941/407 603/603/460 601/601/458 
f 601/601/458 603/603/460 604/604/461 602/602/459 
f 520/941/407 522/939/409 605/605/462 603/603/460 
f 603/603/460 605/605/462 606/606/463 604/604/461 
f 522/939/409 524/936/411 607/607/464 605/605/462 
f 605/605/462 607/607/464 608/608/465 606/606/463 
f 524/936/411 526/931/413 609/609/466 607/607/464 
f 607/607/464 609/609/466 610/610/467 608/608/465 
f 526/931/413 528/528/415 611/611/468 609/609/466 
f 609/609/466 611/611/468 612/612/469 610/610/467 
f 528/528/415 530/953/417 613/613/470 611/611/468 
f 611/611/468 613/613/470 614/614/471 612/612/469 
f 530/953/417 532/962/419 615/615/472 613/613/470 
f 613/613/470 615/615/472 616/616/473 614/614/471 
f 532/962/419 500/960/387 582/582/439 615/615/472 
f 615/615/472 582/582/439 584/584/441 616/616/473 
f 617/617/474 618/618/475 619/619/476 620/620/477 
f 620/620/477 619/619/476 583/583/440 586/586/443 
f 621/621/478 617/617/474 620/620/477 622/622/479 
f 622/622/479 620/620/477 586/586/443 588/588/445 
f 623/623/480 621/621/478 622/622/479 624/624/481 
f 624/624/481 622/622/479 588/588/445 590/590/447 
f 577/577/435 623/623/480 624/624/481 625/625/482 
f 625/625/482 624/624/481 590/590/447 592/592/449 
f 578/578/436 577/577/435 625/625/482 626/626/483 
f 626/626/483 625/625/482 592/592/449 594/594/451 
f 579/579/437 578/578/436 626/626/483 627/627/484 
f 627/627/484 626/626/483 594/594/451 596/596/453 
f 628/628/485 579/579/437 627/627/484 629/629/486 
f 629/629/486 627/627/484 596/596/453 598/598/455 
f 630/630/487 628/628/485 629/629/486 631/631/488 
f 631/631/488 629/629/486 598/598/455 600/600/457 
f 632/632/489 630/630/487 631/631/488 633/633/490 
f 633/633/490 631/631/488 600/600/457 602/602/459 
f 634/634/431 632/632/489 633/633/490 635/635/491 
f 635/635/491 633/633/490 602/602/459 604/604/461 
f 636/636/492 634/634/431 635/635/491 637/637/493 
f 637/637/493 635/635/491 604/604/461 606/606/463 
f 638/638/433 636/636/492 637/637/493 639/639/494 
f 639/639/494 637/637/493 606/606/463 608/608/465 
f 640/640/495 638/638/433 639/639/494 641/641/496 
f 641/641/496 639/639/494 608/608/465 610/610/467 
f 642/642/497 640/640/495 641/641/496 643/643/498 
f 643/643/498 641/641/496 610/610/467 612/612/469 
f 644/644/499 642/642/497 643/643/498 645/645/500 
f 645/645/500 643/643/498 612/612/469 614/614/471 
f 646/646/501 644/644/499 645/645/500 647/647/502 
f 647/647/502 645/645/500 614/614/471 616/616/473 
f 648/648/503 646/646/501 647/647/502 649/649/504 
f 649/649/504 647/647/502 616/616/473 584/584/441 
f 618/618/475 648/648/503 649/649/504 619/619/476 
f 619/619/476 649/649/504 584/584/441 583/583/440 
f 534/966/401 533/964/420 650/650/456 651/651/454 
f 651/651/454 650/650/456 652/652/457 653/653/455 
f 537/971/399 534/966/401 651/651/454 654/654/452 
f 654/654/452 651/651/454 653/653/455 655/655/453 
f 539/972/397 537/971/399 654/654/452 656/656/450 
f 656/656/450 654/654/452 655/655/453 657/657/451 
f 541/541/395 539/972/397 656/656/450 658/658/448 
f 658/658/448 656/656/450 657/657/451 659/659/449 
f 543/985/393 541/541/395 658/658/448 660/660/446 
f 660/660/446 658/658/448 659/659/449 661/661/447 
f 545/987/391 543/985/393 660/660/446 662/662/444 
f 662/662/444 660/660/446 661/661/447 663/663/445 
f 547/995/422 545/987/391 662/662/444 664/664/442 
f 664/664/442 662/662/444 663/663/445 665/665/443 
f 549/990/423 547/995/422 664/664/442 666/666/438 
f 666/666/438 664/664/442 665/665/443 667/667/440 
f 551/991/424 549/990/423 666/666/438 668/668/439 
f 668/668/439 666/666/438 667/667/440 669/669/505 
f 553/992/426 551/991/424 668/668/439 670/670/472 
f 670/670/472 668/668/439 669/669/505 671/671/473 
f 555/993/427 553/992/426 670/670/472 672/672/470 
f 672/672/470 670/670/472 671/671/473 673/673/471 
f 557/994/415 555/993/427 672/672/470 674/674/468 
f 674/674/468 672/672/470 673/673/471 675/675/469 
f 559/984/413 557/994/415 674/674/468 676/676/466 
f 676/676/466 674/674/468 675/675/469 677/677/467 
f 561/982/411 559/984/413 676/676/466 678/678/464 
f 678/678/464 676/676/466 677/677/467 679/679/465 
f 563/983/409 561/982/411 678/678/464 680/680/462 
f 680/680/462 678/678/464 679/679/465 681/681/463 
f 565/963/428 563/983/409 680/680/462 682/682/460 
f 682/682/460 680/680/462 681/681/463 683/683/461 
f 567/967/405 565/963/428 682/682/460 684/684/458 
f 684/684/458 682/682/460 683/683/461 685/685/459 
f 533/964/420 567/967/405 684/684/458 650/650/456 
f 650/650/456 684/684/458 685/685/459 652/652/457 
f 686/686/489 687/687/487 688/688/488 689/689/490 
f 689/689/490 688/688/488 652/652/457 685/685/459 
f 573/573/431 686/686/489 689/689/490 690/690/491 
f 690/690/491 689/689/490 685/685/459 683/683/461 
f 574/574/432 573/573/431 690/690/491 691/691/493 
f 691/691/493 690/690/491 683/683/461 681/681/463 
f 575/575/433 574/574/432 691/691/493 692/692/494 
f 692/692/494 691/691/493 681/681/463 679/679/465 
f 693/693/495 575/575/433 692/692/494 694/694/496 
f 694/694/496 692/692/494 679/679/465 677/677/467 
f 695/695/506 693/693/495 694/694/496 696/696/498 
f 696/696/498 694/694/496 677/677/467 675/675/469 
f 697/697/499 695/695/506 696/696/498 698/698/500 
f 698/698/500 696/696/498 675/675/469 673/673/471 
f 699/699/501 697/697/499 698/698/500 700/700/502 
f 700/700/502 698/698/500 673/673/471 671/671/473 
f 701/701/503 699/699/501 700/700/502 702/702/504 
f 702/702/504 700/700/502 671/671/473 669/669/505 
f 703/703/475 701/701/503 702/702/504 704/704/476 
f 704/704/476 702/702/504 669/669/505 667/667/440 
f 705/705/474 703/703/475 704/704/476 706/706/477 
f 706/706/477 704/704/476 667/667/440 665/665/443 
f 707/707/507 705/705/474 706/706/477 708/708/479 
f 708/708/479 706/706/477 665/665/443 663/663/445 
f 709/709/480 707/707/507 708/708/479 710/710/481 
f 710/710/481 708/708/479 663/663/445 661/661/447 
f 711/711/435 709/709/480 710/710/481 712/712/482 
f 712/712/482 710/710/481 661/661/447 659/659/449 
f 713/713/508 711/711/435 712/712/482 714/714/483 
f 714/714/483 712/712/482 659/659/449 657/657/451 
f 715/715/437 713/713/508 714/714/483 716/716/484 
f 716/716/484 714/714/483 657/657/451 655/655/453 
f 717/717/485 715/715/437 716/716/484 718/718/486 
f 718/718/486 716/716/484 655/655/453 653/653/455 
f 687/687/487 717/717/485 718/718/486 688/688/488 
f 688/688/488 718/718/486 653/653/455 652/652/457 
f 719/719/509 720/720/510 721/721/511 722/722/512 
f 722/722/512 721/721/511 723/723/513 724/724/514 
f 725/725/515 719/719/509 722/722/512 726/726/516 
f 726/726/516 722/722/512 724/724/514 727/727/517 
f 728/728/518 725/725/515 726/726/516 729/729/519 
f 729/729/519 726/726/516 727/727/517 730/730/520 
f 731/731/521 728/728/518 729/729/519 732/732/522 
f 732/732/522 729/729/519 730/730/520 733/733/523 
f 734/734/524 731/731/521 732/732/522 735/735/525 
f 735/735/525 732/732/522 733/733/523 736/736/526 
f 737/737/527 734/734/524 735/735/525 738/738/528 
f 738/738/528 735/735/525 736/736/526 739/739/529 
f 740/740/530 737/737/527 738/738/528 741/741/531 
f 741/741/531 738/738/528 739/739/529 742/742/532 
f 743/743/533 740/740/530 741/741/531 744/744/534 
f 744/744/534 741/741/531 742/742/532 745/745/535 
f 746/746/536 743/743/533 744/744/534 747/747/537 
f 747/747/537 744/744/534 745/745/535 748/748/538 
f 749/749/539 746/746/536 747/747/537 750/750/540 
f 750/750/540 747/747/537 748/748/538 751/751/541 
f 752/752/542 749/749/539 750/750/540 753/753/543 
f 753/753/543 750/750/540 751/751/541 754/754/544 
f 755/755/545 752/752/542 753/753/543 756/756/546 
f 756/756/546 753/753/543 754/754/544 757/757/547 
f 758/758/430 755/755/545 756/756/546 759/759/548 
f 759/759/548 756/756/546 757/757/547 760/760/549 
f 493/493/380 758/758/430 759/759/548 761/761/550 
f 761/761/550 759/759/548 760/760/549 762/762/551 
f 494/494/381 493/493/380 761/761/550 763/763/552 
f 763/763/552 761/761/550 762/762/551 764/764/553 
f 495/495/382 494/494/381 763/763/552 765/765/554 
f 765/765/554 763/763/552 764/764/553 766/766/555 
f 767/767/556 495/495/382 765/765/554 768/768/557 
f 768/768/557 765/765/554 766/766/555 769/769/558 
f 720/720/510 767/767/556 768/768/557 721/721/511 
f 721/721/511 768/768/557 769/769/558 723/723/513 
f 498/959/385 497/949/384 770/770/559 771/771/560 
f 771/771/560 770/770/559 769/769/558 766/766/555 
f 501/942/388 498/959/385 771/771/560 772/772/561 
f 772/772/561 771/771/560 766/766/555 764/764/553 
f 503/958/390 501/942/388 772/772/561 773/773/562 
f 773/773/562 772/772/561 764/764/553 762/762/551 
f 505/938/392 503/958/390 773/773/562 774/774/563 
f 774/774/563 773/773/562 762/762/551 760/760/549 
f 507/929/394 505/938/392 774/774/563 775/775/564 
f 775/775/564 774/774/563 760/760/549 757/757/547 
f 509/930/396 507/929/394 775/775/564 776/776/565 
f 776/776/565 775/775/564 757/757/547 754/754/544 
f 511/948/398 509/930/396 776/776/565 777/777/566 
f 777/777/566 776/776/565 754/754/544 751/751/541 
f 513/947/400 511/948/398 777/777/566 778/778/567 
f 778/778/567 777/777/566 751/751/541 748/748/538 
f 515/946/402 513/947/400 778/778/567 779/779/568 
f 779/779/568 778/778/567 748/748/538 745/745/535 
f 517/944/404 515/946/402 779/779/568 780/780/569 
f 780/780/569 779/779/568 745/745/535 742/742/532 
f 519/934/406 517/944/404 780/780/569 781/781/570 
f 781/781/570 780/780/569 742/742/532 739/739/529 
f 521/940/408 519/934/406 781/781/570 782/782/571 
f 782/782/571 781/781/570 739/739/529 736/736/526 
f 523/937/410 521/940/408 782/782/571 783/783/572 
f 783/783/572 782/782/571 736/736/526 733/733/523 
f 525/932/412 523/937/410 783/783/572 784/784/573 
f 784/784/573 783/783/572 733/733/523 730/730/520 
f 527/527/414 525/932/412 784/784/573 785/785/574 
f 785/785/574 784/784/573 730/730/520 727/727/517 
f 529/952/416 527/527/414 785/785/574 786/786/575 
f 786/786/575 785/785/574 727/727/517 724/724/514 
f 531/961/418 529/952/416 786/786/575 787/787/576 
f 787/787/576 786/786/575 724/724/514 723/723/513 
f 497/949/384 531/961/418 787/787/576 770/770/559 
f 770/770/559 787/787/576 723/723/513 769/769/558 
f 536/970/402 535/968/421 788/788/567 789/789/568 
f 789/789/568 788/788/567 790/790/538 791/791/535 
f 535/968/421 538/974/398 792/792/566 788/788/567 
f 788/788/567 792/792/566 793/793/541 790/790/538 
f 538/974/398 540/973/396 794/794/565 792/792/566 
f 792/792/566 794/794/565 795/795/544 793/793/541 
f 540/973/396 542/542/394 796/796/564 794/794/565 
f 794/794/565 796/796/564 797/797/547 795/795/544 
f 542/542/394 544/986/392 798/798/563 796/796/564 
f 796/796/564 798/798/563 799/799/549 797/797/547 
f 544/986/392 546/988/390 800/800/562 798/798/563 
f 798/798/563 800/800/562 801/801/551 799/799/549 
f 546/988/390 548/996/388 802/802/561 800/800/562 
f 800/800/562 802/802/561 803/803/553 801/801/551 
f 548/996/388 550/989/385 804/804/560 802/802/561 
f 802/802/561 804/804/560 805/805/555 803/803/553 
f 550/989/385 552/976/425 806/806/577 804/804/560 
f 804/804/560 806/806/577 807/807/578 805/805/555 
f 552/976/425 554/975/418 808/808/576 806/806/577 
f 806/806/577 808/808/576 809/809/513 807/807/578 
f 554/975/418 556/977/416 810/810/575 808/808/576 
f 808/808/576 810/810/575 811/811/514 809/809/513 
f 556/977/416 558/978/414 812/812/574 810/810/575 
f 810/810/575 812/812/574 813/813/517 811/811/514 
f 558/978/414 560/980/412 814/814/573 812/812/574 
f 812/812/574 814/814/573 815/815/520 813/813/517 
f 560/980/412 562/979/410 816/816/572 814/814/573 
f 814/814/573 816/816/572 817/817/523 815/815/520 
f 562/979/410 564/981/408 818/818/571 816/816/572 
f 816/816/572 818/818/571 819/819/526 817/817/523 
f 564/981/408 566/965/429 820/820/570 818/818/571 
f 818/818/571 820/820/570 821/821/529 819/819/526 
f 566/965/429 568/969/404 822/822/569 820/820/570 
f 820/820/570 822/822/569 823/823/532 821/821/529 
f 568/969/404 536/970/402 789/789/568 822/822/569 
f 822/822/569 789/789/568 791/791/535 823/823/532 
f 824/824/533 825/825/530 826/826/531 827/827/534 
f 827/827/534 826/826/531 823/823/532 791/791/535 
f 828/828/536 824/824/533 827/827/534 829/829/537 
f 829/829/537 827/827/534 791/791/535 790/790/538 
f 830/830/539 828/828/536 829/829/537 831/831/540 
f 831/831/540 829/829/537 790/790/538 793/793/541 
f 832/832/542 830/830/539 831/831/540 833/833/543 
f 833/833/543 831/831/540 793/793/541 795/795/544 
f 834/834/545 832/832/542 833/833/543 835/835/546 
f 835/835/546 833/833/543 795/795/544 797/797/547 
f 569/569/430 834/834/545 835/835/546 836/836/548 
f 836/836/548 835/835/546 797/797/547 799/799/549 
f 570/570/380 569/569/430 836/836/548 837/837/550 
f 837/837/550 836/836/548 799/799/549 801/801/551 
f 838/838/381 570/570/380 837/837/550 839/839/552 
f 839/839/552 837/837/550 801/801/551 803/803/553 
f 840/840/382 838/838/381 839/839/552 841/841/554 
f 841/841/554 839/839/552 803/803/553 805/805/555 
f 842/842/579 840/840/382 841/841/554 843/843/580 
f 843/843/580 841/841/554 805/805/555 807/807/578 
f 844/844/510 842/842/579 843/843/580 845/845/511 
f 845/845/511 843/843/580 807/807/578 809/809/513 
f 846/846/509 844/844/510 845/845/511 847/847/512 
f 847/847/512 845/845/511 809/809/513 811/811/514 
f 848/848/515 846/846/509 847/847/512 849/849/516 
f 849/849/516 847/847/512 811/811/514 813/813/517 
f 850/850/518 848/848/515 849/849/516 851/851/519 
f 851/851/519 849/849/516 813/813/517 815/815/520 
f 852/852/521 850/850/518 851/851/519 853/853/522 
f 853/853/522 851/851/519 815/815/520 817/817/523 
f 854/854/524 852/852/521 853/853/522 855/855/525 
f 855/855/525 853/853/522 817/817/523 819/819/526 
f 856/856/527 854/854/524 855/855/525 857/857/528 
f 857/857/528 855/855/525 819/819/526 821/821/529 
f 825/825/530 856/856/527 857/857/528 826/826/531 
f 826/826/531 857/857/528 821/821/529 823/823/532 
f 630/630/487 632/632/489 858/858/434 859/859/581 
f 628/628/485 630/630/487 859/859/581 860/860/434 
f 579/579/437 628/628/485 860/860/434 580/580/434 
f 632/632/489 634/634/431 861/861/434 858/858/434 
f 634/634/431 636/636/492 638/638/433 861/861/434 
f 640/640/495 642/642/497 644/644/499 862/862/434 
f 862/862/434 644/644/499 646/646/501 863/863/582 
f 863/863/582 646/646/501 648/648/503 864/864/581 
f 864/864/581 648/648/503 618/618/475 865/865/434 
f 865/865/434 618/618/475 617/617/474 866/866/434 
f 866/866/434 617/617/474 621/621/478 623/623/480 
f 623/623/480 577/577/435 580/580/434 866/866/434 
f 866/866/434 580/580/434 860/860/434 865/865/434 
f 865/865/434 860/860/434 859/859/581 864/864/581 
f 864/864/581 859/859/581 858/858/434 863/863/582 
f 863/863/582 858/858/434 861/861/434 862/862/434 
f 862/862/434 861/861/434 638/638/433 640/640/495 
f 717/717/485 687/687/487 867/867/434 868/868/434 
f 867/867/434 687/687/487 686/686/489 869/869/434 
f 575/575/433 693/693/495 870/870/434 576/576/434 
f 869/869/434 871/871/434 872/872/434 867/867/434 
f 867/867/434 872/872/434 873/873/434 868/868/434 
f 693/693/495 695/695/506 697/697/499 870/870/434 
f 871/871/434 699/699/501 701/701/503 872/872/434 
f 872/872/434 701/701/503 703/703/475 873/873/434 
f 705/705/474 707/707/507 709/709/480 874/874/434 
f 874/874/434 709/709/480 711/711/435 875/875/434 
f 875/875/434 711/711/435 713/713/508 715/715/437 
f 715/715/437 717/717/485 868/868/434 875/875/434 
f 875/875/434 868/868/434 873/873/434 874/874/434 
f 874/874/434 873/873/434 703/703/475 705/705/474 
f 697/697/499 699/699/501 871/871/434 870/870/434 
f 870/870/434 871/871/434 869/869/434 576/576/434 
f 576/576/434 869/869/434 686/686/489 573/573/431 
f 876/876/383 877/877/383 878/878/383 879/879/383 
f 848/848/515 850/850/518 877/877/383 876/876/383 
f 879/879/383 878/878/383 572/572/383 571/571/383 
f 850/850/518 852/852/521 880/880/383 877/877/383 
f 877/877/383 880/880/383 881/881/383 878/878/383 
f 878/878/383 881/881/383 882/882/383 572/572/383 
f 572/572/383 882/882/383 834/834/545 569/569/430 
f 854/854/524 856/856/527 825/825/530 883/883/383 
f 883/883/383 825/825/530 824/824/533 884/884/383 
f 884/884/383 824/824/533 828/828/536 885/885/383 
f 885/885/383 828/828/536 830/830/539 832/832/542 
f 570/570/380 838/838/381 840/840/382 571/571/383 
f 571/571/383 840/840/382 842/842/579 879/879/383 
f 879/879/383 842/842/579 844/844/510 876/876/383 
f 876/876/383 844/844/510 846/846/509 848/848/515 
f 832/832/542 834/834/545 882/882/383 885/885/383 
f 885/885/383 882/882/383 881/881/383 884/884/383 
f 884/884/383 881/881/383 880/880/383 883/883/383 
f 883/883/383 880/880/383 852/852/521 854/854/524 
f 720/720/510 719/719/509 725/725/515 886/886/383 
f 728/728/518 731/731/521 887/887/383 888/888/383 
f 889/889/383 755/755/545 758/758/430 890/890/383 
f 734/734/524 737/737/527 740/740/530 891/891/383 
f 746/746/536 749/749/539 752/752/542 892/892/383 
f 495/495/382 767/767/556 893/893/383 496/496/383 
f 890/890/383 894/894/383 895/895/383 889/889/383 
f 896/896/383 743/743/533 746/746/536 892/892/383 
f 740/740/530 743/743/533 896/896/383 891/891/383 
f 887/887/383 895/895/383 894/894/383 888/888/383 
f 893/893/383 767/767/556 720/720/510 886/886/383 
f 725/725/515 728/728/518 888/888/383 886/886/383 
f 886/886/383 888/888/383 894/894/383 893/893/383 
f 893/893/383 894/894/383 890/890/383 496/496/383 
f 496/496/383 890/890/383 758/758/430 493/493/380 
f 752/752/542 755/755/545 889/889/383 892/892/383 
f 892/892/383 889/889/383 895/895/383 896/896/383 
f 896/896/383 895/895/383 887/887/383 891/891/383 
f 891/891/383 887/887/383 731/731/521 734/734/524 
#end 886 faces

#ZOMPROPERTIES_04{
#ZOMPROPERTIES_04 table {Mesh table {Edges table {ConstrainedV ints { 38 1 39 3 56 1 57 3 74 1 75 3 92 1 93 3 110 1 11
#ZOMPROPERTIES_04 1 3 128 1 129 3 146 1 147 3 164 1 165 3 182 1 183 3 200 1 201 3 218 1 219 3 236 1 237 3 254 1 255 3 
#ZOMPROPERTIES_04 272 1 273 3 290 1 291 3 } } SymPlane table {Point vector3d 0 0 0 Normal vector3d 1 0 0 Threshold dou
#ZOMPROPERTIES_04 ble 0.01 Enabled bool false EdgeID int -1 SymEdgeID int -1 UPos double 0.5 LocalMode bool false } Ro
#ZOMPROPERTIES_04 otGroup CSubMeshGroup {Children table {Tile_0_0 CSubMeshGroup {Children table {} BBoxUV box3d 0 0 0 
#ZOMPROPERTIES_04 0 0 0 BBox3D box3d 0 0 0 0 0 0 Area3D double 0 AreaUV double 0 IsRoot bool false Properties table {S
#ZOMPROPERTIES_04 elected bool false Box box3d 0 1 0 1 0 1 U int 0 V int 0 NU int 0 NV int 0 Tiling vector3d 1 1 1 Til
#ZOMPROPERTIES_04 eRatioMode string "1:1" Overflow string "Off" Pack table {BoxFrameEdit bool false Behavior string "F
#ZOMPROPERTIES_04 ree" Locked bool false Scaling table {Optimization string "Fill" } } Hotspot table {} } IsTile bool 
#ZOMPROPERTIES_04 true PolyIDs ints { 505 506 507 522 521 520 519 518 517 516 515 514 513 512 511 510 509 508 604 605 
#ZOMPROPERTIES_04 663 661 659 658 839 840 841 842 666 667 601 599 633 631 637 635 634 668 831 832 834 835 843 844 654 
#ZOMPROPERTIES_04 652 653 655 657 611 609 607 608 606 610 612 613 614 616 617 619 618 620 622 624 626 628 629 627 641 
#ZOMPROPERTIES_04 639 638 636 524 833 836 644 646 648 845 650 651 837 838 649 647 645 623 643 642 640 625 846 847 630 
#ZOMPROPERTIES_04 621 615 656 632 598 669 600 602 603 665 664 662 660 748 750 752 754 755 757 759 797 796 794 792 859 
#ZOMPROPERTIES_04 523 850 853 854 788 790 791 789 751 749 747 746 744 742 776 774 772 770 768 769 767 766 764 765 763 
#ZOMPROPERTIES_04 762 760 758 761 801 799 798 800 862 849 848 852 851 866 865 856 857 780 782 858 863 864 784 786 785 
#ZOMPROPERTIES_04 783 781 743 745 779 813 811 809 808 806 807 805 803 802 804 771 810 773 812 775 778 777 855 861 860 
#ZOMPROPERTIES_04 787 753 793 795 756 486 872 880 881 696 697 695 715 713 711 699 701 700 698 703 707 741 739 671 705 
#ZOMPROPERTIES_04 704 702 877 879 878 867 672 670 673 675 735 733 731 679 678 676 674 868 876 873 883 884 875 870 682 
#ZOMPROPERTIES_04 684 685 687 686 688 871 882 869 692 693 691 719 718 716 714 720 722 724 726 727 729 681 683 728 730 
#ZOMPROPERTIES_04 725 723 721 717 689 690 694 874 680 885 677 732 734 501 554 552 550 548 549 551 585 583 582 580 581 
#ZOMPROPERTIES_04 547 546 544 542 540 541 543 577 576 574 572 525 570 568 566 564 562 596 594 821 828 829 830 818 584 
#ZOMPROPERTIES_04 586 588 589 587 553 555 557 591 590 819 592 593 559 561 595 527 526 528 529 563 565 531 533 535 534 
#ZOMPROPERTIES_04 536 538 539 537 571 573 575 532 569 567 530 560 597 558 556 817 820 814 578 815 827 826 825 823 822 
#ZOMPROPERTIES_04 824 816 579 545 502 503 504 487 488 489 490 491 492 493 494 495 496 497 498 499 500 736 738 737 740 
#ZOMPROPERTIES_04 706 708 710 709 712 36 54 72 90 108 126 144 162 180 198 216 234 252 270 288 289 290 272 254 236 218 
#ZOMPROPERTIES_04 200 182 164 146 128 110 92 74 56 38 37 55 73 91 109 127 145 163 181 199 217 235 253 271 305 304 286 
#ZOMPROPERTIES_04 268 250 232 214 196 178 160 142 124 106 88 70 52 51 50 49 48 47 46 45 44 43 42 41 40 39 314 315 317 
#ZOMPROPERTIES_04 407 405 403 402 400 398 399 397 395 393 391 390 388 386 387 337 335 333 332 334 330 331 328 329 326 
#ZOMPROPERTIES_04 327 324 325 323 401 321 320 318 319 316 322 336 338 340 341 339 385 383 382 380 414 459 466 467 468 
#ZOMPROPERTIES_04 456 404 457 410 411 409 413 415 309 343 342 308 381 310 312 311 313 412 408 406 455 458 452 453 396 
#ZOMPROPERTIES_04 454 394 306 392 464 465 460 463 462 461 384 389 57 75 93 111 129 147 165 183 201 219 237 255 273 291
#ZOMPROPERTIES_04  350 352 353 351 349 348 346 347 417 419 418 416 450 448 470 471 446 447 445 443 441 439 438 436 434
#ZOMPROPERTIES_04  432 433 363 365 367 369 371 370 372 373 374 376 377 379 449 345 344 378 375 368 366 364 437 362 360
#ZOMPROPERTIES_04  358 359 361 431 429 428 475 476 477 482 481 480 307 442 478 430 483 484 485 473 474 424 425 423 421
#ZOMPROPERTIES_04  420 422 355 357 427 356 354 426 472 469 435 479 440 444 451 292 293 294 295 296 297 298 299 300 301
#ZOMPROPERTIES_04  302 303 284 266 248 230 212 194 176 158 140 122 104 86 68 85 67 84 66 83 65 82 64 81 63 80 62 79 61
#ZOMPROPERTIES_04  78 60 77 59 76 95 113 131 149 167 185 203 221 239 257 275 258 276 259 277 260 278 261 279 262 280 2
#ZOMPROPERTIES_04 63 281 264 282 265 246 228 210 192 174 156 138 120 102 119 101 118 100 117 99 116 98 115 97 114 133 
#ZOMPROPERTIES_04 151 169 187 205 223 241 224 242 225 243 226 244 227 208 190 172 154 136 153 135 152 171 170 155 189 
#ZOMPROPERTIES_04 188 173 207 191 209 206 222 204 186 168 134 150 132 137 121 139 157 175 193 211 245 229 247 240 256 
#ZOMPROPERTIES_04 238 220 202 184 166 148 130 96 112 94 103 87 105 123 141 159 177 195 213 231 249 283 267 285 274 58 
#ZOMPROPERTIES_04 69 53 71 89 107 125 143 161 179 197 215 233 251 269 287 0 16 13 12 2 8 4 17 9 10 7 1 5 3 6 15 11 14 
#ZOMPROPERTIES_04 18 31 30 20 26 22 25 27 28 35 19 23 21 33 24 32 29 34 } } } BBoxUV box3d 0 0 0 0 0 0 BBox3D box3d 0 
#ZOMPROPERTIES_04 0 0 0 0 0 Area3D double 0 AreaUV double 0 IsRoot bool true Properties table {Selected bool false Box
#ZOMPROPERTIES_04  box3d 0 1 0 1 0 1 U int 0 V int 0 NU int 1 NV int 1 Tiling vector3d 1 1 1 TileRatioMode string "1:1
#ZOMPROPERTIES_04 " Overflow string "Off" Pack table {Rotate table {Mode int 3 Min double 0 Max double 90 Step double 
#ZOMPROPERTIES_04 0 } Resolution int 256 MapResolution int 2048 PaddingSize double 0.0078125 MarginSize double 0.00195
#ZOMPROPERTIES_04 312 Scaling table {TexelDensity double 1024 Mode int 2 Optimization string "Fill" } LayoutScalingMod
#ZOMPROPERTIES_04 e int 2 MaxMutations int 1 } Hotspot table {} } IsTile bool false PolyIDs ints { } } Maps table {Pin
#ZOMPROPERTIES_04  CDataMap {PrimType string "Vertex" Size int 1 DefaultValue double 0 ScaleType string "Normalized" M
#ZOMPROPERTIES_04 ergeMode string "Max" MinValue double 0 MaxValue double 1 Data doubles { r 1044 0 } } Density CDataM
#ZOMPROPERTIES_04 ap {PrimType string "Polygon" Size int 1 DefaultValue double 1 ScaleType string "Log" MergeMode stri
#ZOMPROPERTIES_04 ng "Average" MinValue double 0.1 MaxValue double 4 Data doubles { r 886 1 } } Protect CDataMap {Prim
#ZOMPROPERTIES_04 Type string "Vertex" Size int 1 DefaultValue double 0 ScaleType string "Normalized" MergeMode string
#ZOMPROPERTIES_04  "Average" MinValue double -1 MaxValue double 1 Data doubles { r 1044 0 } } } } }
#ZOMPROPERTIES_04}


#ZOMSCENE_01{
#ZOMSCENE_01 CScene {Settings table {AxisSystem table {UpVector string "y" } Unit string "cm" TexelDensityDisplay
#ZOMSCENE_01 Unit string "tx/cm" } Root CXForm {} }
#ZOMSCENE_01}

#begin 0 fatal error vertex (that RizomUV cannot handle)
#end 0 fatal error vertex (that RizomUV cannot handle)

#begin 0 error vertex
#end 0 error vertex
