Using pre-set license
Built from 'trunk' branch; Version is '6000.0.19f1 (302b264628f9) revision 3156774'; Using compiler version '193933523'; Build Type 'Release'
OS: 'Windows 11  (10.0.22631) 64bit CoreSingleLanguage' Language: 'en' Physical Memory: 23905 MB
BatchMode: 1, IsHumanControllingUs: 0, StartBugReporterOnCrash: 0, Is64bit: 1, IsPro: 1

COMMAND LINE ARGUMENTS:
C:\Program Files\Unity\Hub\Editor\6000.0.19f1\Editor\Unity.exe
-adb2
-batchMode
-noUpm
-name
AssetImportWorker0
-projectPath
C:/Users/kumar/OneDrive/Documents/GitHub/Physics_-_Chemistry/OscodePhyChem
-logFile
Logs/AssetImportWorker0.log
-srvPort
50110
-job-worker-count
7
-background-job-worker-count
8
-asset-garbage-collectors
1
Successfully changed project path to: C:/Users/kumar/OneDrive/Documents/GitHub/Physics_-_Chemistry/OscodePhyChem
C:/Users/kumar/OneDrive/Documents/GitHub/Physics_-_Chemistry/OscodePhyChem
[UnityMemory] Configuration Parameters - Can be set up in boot.config
    "memorysetup-bucket-allocator-granularity=16"
    "memorysetup-bucket-allocator-bucket-count=8"
    "memorysetup-bucket-allocator-block-size=33554432"
    "memorysetup-bucket-allocator-block-count=8"
    "memorysetup-main-allocator-block-size=16777216"
    "memorysetup-thread-allocator-block-size=16777216"
    "memorysetup-gfx-main-allocator-block-size=16777216"
    "memorysetup-gfx-thread-allocator-block-size=16777216"
    "memorysetup-cache-allocator-block-size=4194304"
    "memorysetup-typetree-allocator-block-size=2097152"
    "memorysetup-profiler-bucket-allocator-granularity=16"
    "memorysetup-profiler-bucket-allocator-bucket-count=8"
    "memorysetup-profiler-bucket-allocator-block-size=33554432"
    "memorysetup-profiler-bucket-allocator-block-count=8"
    "memorysetup-profiler-allocator-block-size=16777216"
    "memorysetup-profiler-editor-allocator-block-size=1048576"
    "memorysetup-temp-allocator-size-main=16777216"
    "memorysetup-job-temp-allocator-block-size=2097152"
    "memorysetup-job-temp-allocator-block-size-background=1048576"
    "memorysetup-job-temp-allocator-reduction-small-platforms=262144"
    "memorysetup-allocator-temp-initial-block-size-main=262144"
    "memorysetup-allocator-temp-initial-block-size-worker=262144"
    "memorysetup-temp-allocator-size-background-worker=32768"
    "memorysetup-temp-allocator-size-job-worker=262144"
    "memorysetup-temp-allocator-size-preload-manager=33554432"
    "memorysetup-temp-allocator-size-nav-mesh-worker=65536"
    "memorysetup-temp-allocator-size-audio-worker=65536"
    "memorysetup-temp-allocator-size-cloud-worker=32768"
    "memorysetup-temp-allocator-size-gi-baking-worker=262144"
    "memorysetup-temp-allocator-size-gi-baking-worker=262144"
    "memorysetup-temp-allocator-size-gi-baking-worker=262144"
    "memorysetup-temp-allocator-size-gi-baking-worker=262144"
    "memorysetup-temp-allocator-size-gi-baking-worker=262144"
    "memorysetup-temp-allocator-size-gfx=262144"
Player connection [15668]  Target information:

Player connection [15668]  * "[IP] 192.168.0.9 [Port] 0 [Flags] 2 [Guid] 2804991889 [EditorId] 2804991889 [Version] 1048832 [Id] WindowsEditor(7,Shetty) [Debug] 1 [PackageName] WindowsEditor [ProjectName] Editor" 

Player connection [15668] Host joined multi-casting on [225.0.0.222:54997]...
Player connection [15668] Host joined alternative multi-casting on [225.0.0.222:34997]...
JobSystem: Creating JobQueue using job-worker-count value 7
Library Redirect Path: Library/
[PhysX] Initialized MultithreadedTaskDispatcher with 8 workers.
Refreshing native plugins compatible for Editor in 66.99 ms, found 1 plugins.
Preloading 0 native plugins for Editor in 0.00 ms.
Initialize engine version: 6000.0.19f1 (302b264628f9)
[Subsystems] Discovering subsystems at path C:/Program Files/Unity/Hub/Editor/6000.0.19f1/Editor/Data/Resources/UnitySubsystems
[Subsystems] Discovering subsystems at path C:/Users/kumar/OneDrive/Documents/GitHub/Physics_-_Chemistry/OscodePhyChem/Assets
GfxDevice: creating device client; kGfxThreadingModeNonThreaded
Direct3D:
    Version:  Direct3D 11.0 [level 11.1]
    Renderer: NVIDIA GeForce RTX 3050 Laptop GPU (ID=0x25a2)
    Vendor:   NVIDIA
    VRAM:     3964 MB
    Driver:   32.0.15.6119
Initialize mono
Mono path[0] = 'C:/Program Files/Unity/Hub/Editor/6000.0.19f1/Editor/Data/Managed'
Mono path[1] = 'C:/Program Files/Unity/Hub/Editor/6000.0.19f1/Editor/Data/MonoBleedingEdge/lib/mono/unityjit-win32'
Mono config path = 'C:/Program Files/Unity/Hub/Editor/6000.0.19f1/Editor/Data/MonoBleedingEdge/etc'
Using monoOptions --debugger-agent=transport=dt_socket,embedding=1,server=y,suspend=n,address=127.0.0.1:56744
Begin MonoManager ReloadAssembly
Registering precompiled unity dll's ...
Register platform support module: C:/Program Files/Unity/Hub/Editor/6000.0.19f1/Editor/Data/PlaybackEngines/WindowsStandaloneSupport/UnityEditor.WindowsStandalone.Extensions.dll
Register platform support module: C:/Program Files/Unity/Hub/Editor/6000.0.19f1/Editor/Data/PlaybackEngines/AndroidPlayer/UnityEditor.Android.Extensions.dll
Registered in 0.004604 seconds.
- Loaded All Assemblies, in  0.744 seconds
Native extension for Android target not found
Android Extension - Scanning For ADB Devices 330 ms
Native extension for WindowsStandalone target not found
Mono: successfully reloaded assembly
- Finished resetting the current domain, in  0.825 seconds
Domain Reload Profiling: 1567ms
	BeginReloadAssembly (282ms)
		ExecutionOrderSort (0ms)
		DisableScriptedObjects (0ms)
		BackupInstance (0ms)
		ReleaseScriptingObjects (0ms)
		CreateAndSetChildDomain (1ms)
	RebuildCommonClasses (66ms)
	RebuildNativeTypeToScriptingClass (14ms)
	initialDomainReloadingComplete (74ms)
	LoadAllAssembliesAndSetupDomain (305ms)
		LoadAssemblies (284ms)
		RebuildTransferFunctionScriptingTraits (0ms)
		AnalyzeDomain (297ms)
			TypeCache.Refresh (294ms)
				TypeCache.ScanAssembly (264ms)
			BuildScriptInfoCaches (0ms)
			ResolveRequiredComponents (1ms)
	FinalizeReload (826ms)
		ReleaseScriptCaches (0ms)
		RebuildScriptCaches (0ms)
		SetupLoadedEditorAssemblies (775ms)
			LogAssemblyErrors (0ms)
			InitializePlatformSupportModulesInManaged (444ms)
			SetLoadedEditorAssemblies (5ms)
			BeforeProcessingInitializeOnLoad (10ms)
			ProcessInitializeOnLoadAttributes (211ms)
			ProcessInitializeOnLoadMethodAttributes (102ms)
			AfterProcessingInitializeOnLoad (4ms)
			EditorAssembliesLoaded (0ms)
		ExecutionOrderSort2 (0ms)
		AwakeInstancesAfterBackupRestoration (0ms)
========================================================================
Worker process is ready to serve import requests
Import Worker Mode flag is 0x00
Begin MonoManager ReloadAssembly
Symbol file LoadedFromMemory is not a mono symbol file
- Loaded All Assemblies, in  1.278 seconds
Refreshing native plugins compatible for Editor in 5.38 ms, found 1 plugins.
Native extension for Android target not found
Native extension for WindowsStandalone target not found
Mono: successfully reloaded assembly
- Finished resetting the current domain, in  0.689 seconds
Domain Reload Profiling: 1961ms
	BeginReloadAssembly (607ms)
		ExecutionOrderSort (0ms)
		DisableScriptedObjects (8ms)
		BackupInstance (0ms)
		ReleaseScriptingObjects (0ms)
		CreateAndSetChildDomain (42ms)
	RebuildCommonClasses (46ms)
	RebuildNativeTypeToScriptingClass (15ms)
	initialDomainReloadingComplete (50ms)
	LoadAllAssembliesAndSetupDomain (555ms)
		LoadAssemblies (442ms)
		RebuildTransferFunctionScriptingTraits (0ms)
		AnalyzeDomain (245ms)
			TypeCache.Refresh (163ms)
				TypeCache.ScanAssembly (144ms)
			BuildScriptInfoCaches (74ms)
			ResolveRequiredComponents (6ms)
	FinalizeReload (689ms)
		ReleaseScriptCaches (0ms)
		RebuildScriptCaches (0ms)
		SetupLoadedEditorAssemblies (476ms)
			LogAssemblyErrors (0ms)
			InitializePlatformSupportModulesInManaged (11ms)
			SetLoadedEditorAssemblies (5ms)
			BeforeProcessingInitializeOnLoad (63ms)
			ProcessInitializeOnLoadAttributes (234ms)
			ProcessInitializeOnLoadMethodAttributes (157ms)
			AfterProcessingInitializeOnLoad (6ms)
			EditorAssembliesLoaded (0ms)
		ExecutionOrderSort2 (0ms)
		AwakeInstancesAfterBackupRestoration (6ms)
Launched and connected shader compiler UnityShaderCompiler.exe after 0.01 seconds
Refreshing native plugins compatible for Editor in 6.39 ms, found 1 plugins.
Preloading 0 native plugins for Editor in 0.00 ms.
Unloading 23 Unused Serialized files (Serialized files now loaded: 0)
Unloading 4404 unused Assets / (1.3 MB). Loaded Objects now: 4983.
Memory consumption went from 118.9 MB to 117.6 MB.
Total: 14.818100 ms (FindLiveObjects: 0.569600 ms CreateObjectMapping: 0.422200 ms MarkObjects: 12.646800 ms  DeleteObjects: 1.176500 ms)

========================================================================
Received Import Request.
  Time since last request: 164.774395 seconds.
  path: Assets/Scenes/SampleScene.unity
  artifactKey: Guid(9fc0d4010bbf28b4594072e72b8655ab) Importer(815301076,1909f56bfc062723c751e8b465ee728b)
Start importing Assets/Scenes/SampleScene.unity using Guid(9fc0d4010bbf28b4594072e72b8655ab) Importer(815301076,1909f56bfc062723c751e8b465ee728b) (PreviewImporter)[PhysX] Initialized MultithreadedTaskDispatcher with 8 workers.
 -> (artifact id: '2c5709d561b31518ca0f17e63443ac91') in 0.0078718 seconds
Number of updated asset objects reloaded before import = 0Number of asset objects unloaded after import = 0

========================================================================
Received Import Request.
  Time since last request: 45.883298 seconds.
  path: Packages/com.unity.purchasing/package.json
  artifactKey: Guid(4797030ac1a4416a944aa07d854ffeb4) Importer(815301076,1909f56bfc062723c751e8b465ee728b)
Start importing Packages/com.unity.purchasing/package.json using Guid(4797030ac1a4416a944aa07d854ffeb4) Importer(815301076,1909f56bfc062723c751e8b465ee728b) (PreviewImporter)[PhysX] Initialized MultithreadedTaskDispatcher with 8 workers.
 -> (artifact id: 'e239d15a003e797630839ea313c6fe10') in 0.0122757 seconds
Number of updated asset objects reloaded before import = 0Number of asset objects unloaded after import = 1

========================================================================
Received Prepare
Refreshing native plugins compatible for Editor in 1.40 ms, found 0 plugins.
Preloading 0 native plugins for Editor in 0.00 ms.
Unloading 0 Unused Serialized files (Serialized files now loaded: 0)
Unloading 96 unused Assets / (3.1 KB). Loaded Objects now: 722.
Memory consumption went from 100.7 MB to 100.7 MB.
Total: 11.190100 ms (FindLiveObjects: 0.058500 ms CreateObjectMapping: 0.009600 ms MarkObjects: 11.068400 ms  DeleteObjects: 0.051900 ms)

Prepare: number of updated asset objects reloaded= 2
========================================================================
Received Prepare
Refreshing native plugins compatible for Editor in 1.24 ms, found 0 plugins.
Preloading 0 native plugins for Editor in 0.00 ms.
Unloading 0 Unused Serialized files (Serialized files now loaded: 0)
Unloading 62 unused Assets / (1.0 KB). Loaded Objects now: 686.
Memory consumption went from 100.6 MB to 100.6 MB.
Total: 10.675400 ms (FindLiveObjects: 0.089500 ms CreateObjectMapping: 0.011700 ms MarkObjects: 10.519900 ms  DeleteObjects: 0.052800 ms)

Prepare: number of updated asset objects reloaded= 0
========================================================================
Received Prepare
Begin MonoManager ReloadAssembly
- Loaded All Assemblies, in  0.416 seconds
Refreshing native plugins compatible for Editor in 0.97 ms, found 0 plugins.
Native extension for Android target not found
Native extension for WindowsStandalone target not found
Mono: successfully reloaded assembly
- Finished resetting the current domain, in  0.492 seconds
Domain Reload Profiling: 906ms
	BeginReloadAssembly (216ms)
		ExecutionOrderSort (0ms)
		DisableScriptedObjects (6ms)
		BackupInstance (0ms)
		ReleaseScriptingObjects (0ms)
		CreateAndSetChildDomain (46ms)
	RebuildCommonClasses (36ms)
	RebuildNativeTypeToScriptingClass (13ms)
	initialDomainReloadingComplete (25ms)
	LoadAllAssembliesAndSetupDomain (124ms)
		LoadAssemblies (225ms)
		RebuildTransferFunctionScriptingTraits (0ms)
		AnalyzeDomain (15ms)
			TypeCache.Refresh (7ms)
				TypeCache.ScanAssembly (2ms)
			BuildScriptInfoCaches (6ms)
			ResolveRequiredComponents (0ms)
	FinalizeReload (492ms)
		ReleaseScriptCaches (0ms)
		RebuildScriptCaches (0ms)
		SetupLoadedEditorAssemblies (274ms)
			LogAssemblyErrors (0ms)
			InitializePlatformSupportModulesInManaged (12ms)
			SetLoadedEditorAssemblies (3ms)
			BeforeProcessingInitializeOnLoad (71ms)
			ProcessInitializeOnLoadAttributes (153ms)
			ProcessInitializeOnLoadMethodAttributes (26ms)
			AfterProcessingInitializeOnLoad (9ms)
			EditorAssembliesLoaded (0ms)
		ExecutionOrderSort2 (0ms)
		AwakeInstancesAfterBackupRestoration (8ms)
Refreshing native plugins compatible for Editor in 1.01 ms, found 0 plugins.
Preloading 0 native plugins for Editor in 0.00 ms.
Unloading 0 Unused Serialized files (Serialized files now loaded: 0)
Unloading 62 unused Assets / (1.0 KB). Loaded Objects now: 686.
Memory consumption went from 95.4 MB to 95.4 MB.
Total: 4.352400 ms (FindLiveObjects: 0.064400 ms CreateObjectMapping: 0.006900 ms MarkObjects: 4.233500 ms  DeleteObjects: 0.046600 ms)

Prepare: number of updated asset objects reloaded= 0
========================================================================
Received Import Request.
  Time since last request: 233.048546 seconds.
  path: Assets/Scenes
  artifactKey: Guid(c198b7cb985ca9448af739c552201d45) Importer(815301076,1909f56bfc062723c751e8b465ee728b)
Start importing Assets/Scenes using Guid(c198b7cb985ca9448af739c552201d45) Importer(815301076,1909f56bfc062723c751e8b465ee728b) (PreviewImporter)[PhysX] Initialized MultithreadedTaskDispatcher with 8 workers.
 -> (artifact id: 'be74088dc23e65fa9715956023c96387') in 0.005692 seconds
Number of updated asset objects reloaded before import = 0Number of asset objects unloaded after import = 0

========================================================================
Received Prepare
Refreshing native plugins compatible for Editor in 1.13 ms, found 0 plugins.
Preloading 0 native plugins for Editor in 0.00 ms.
Unloading 1 Unused Serialized files (Serialized files now loaded: 0)
Unloading 147 unused Assets / (28.9 KB). Loaded Objects now: 770.
Memory consumption went from 96.2 MB to 96.2 MB.
Total: 5.200200 ms (FindLiveObjects: 0.067300 ms CreateObjectMapping: 0.018500 ms MarkObjects: 4.983900 ms  DeleteObjects: 0.129300 ms)

Prepare: number of updated asset objects reloaded= 10
========================================================================
Received Import Request.
  Time since last request: 96.546513 seconds.
  path: Assets/Scenes/Physics lab components
  artifactKey: Guid(f0afa16359e064f428ceaa5722a2cdc3) Importer(815301076,1909f56bfc062723c751e8b465ee728b)
Start importing Assets/Scenes/Physics lab components using Guid(f0afa16359e064f428ceaa5722a2cdc3) Importer(815301076,1909f56bfc062723c751e8b465ee728b) (PreviewImporter)[PhysX] Initialized MultithreadedTaskDispatcher with 8 workers.
 -> (artifact id: '37b13ae1c6d791e1059e4fcc33fb5748') in 0.0012028 seconds
Number of updated asset objects reloaded before import = 0Number of asset objects unloaded after import = 0

========================================================================
Received Import Request.
  Time since last request: 1.709159 seconds.
  path: Assets/Scenes/Physics lab components/Physics lab.unity
  artifactKey: Guid(aaac3fc9393fcf042b43e2c78e17db41) Importer(815301076,1909f56bfc062723c751e8b465ee728b)
Start importing Assets/Scenes/Physics lab components/Physics lab.unity using Guid(aaac3fc9393fcf042b43e2c78e17db41) Importer(815301076,1909f56bfc062723c751e8b465ee728b) (PreviewImporter)[PhysX] Initialized MultithreadedTaskDispatcher with 8 workers.
 -> (artifact id: 'e990e8211a257f87a10e52997de5402d') in 0.0005204 seconds
Number of updated asset objects reloaded before import = 0Number of asset objects unloaded after import = 0

========================================================================
Received Import Request.
  Time since last request: 172.593950 seconds.
  path: Assets/Scripts/toggle.cs
  artifactKey: Guid(ba85685e7c1f89c408bf77e9d09ac90c) Importer(815301076,1909f56bfc062723c751e8b465ee728b)
Start importing Assets/Scripts/toggle.cs using Guid(ba85685e7c1f89c408bf77e9d09ac90c) Importer(815301076,1909f56bfc062723c751e8b465ee728b) (PreviewImporter)[PhysX] Initialized MultithreadedTaskDispatcher with 8 workers.
 -> (artifact id: '2885cdcbc89663b67d263e2100d3129d') in 0.0011034 seconds
Number of updated asset objects reloaded before import = 0Number of asset objects unloaded after import = 0

========================================================================
Received Import Request.
  Time since last request: 87.828952 seconds.
  path: Assets/1.controller
  artifactKey: Guid(d515b0ed1b6e97c469e0c197e517b54f) Importer(2089858483,192608db42251d675da83286b1cce702)
Start importing Assets/1.controller using Guid(d515b0ed1b6e97c469e0c197e517b54f) Importer(2089858483,192608db42251d675da83286b1cce702) (ScriptedImporter)[PhysX] Initialized MultithreadedTaskDispatcher with 8 workers.
 -> (artifact id: 'ea2b27804e34fc971130bdaf6c6b7805') in 0.128388 seconds
Number of updated asset objects reloaded before import = 0Number of asset objects unloaded after import = 17

========================================================================
Received Import Request.
  Time since last request: 0.000021 seconds.
  path: Assets/Resources/BillingMode.json
  artifactKey: Guid(ac3f56eb33506ac44afc97ed0fc46e99) Importer(2089858483,192608db42251d675da83286b1cce702)
Start importing Assets/Resources/BillingMode.json using Guid(ac3f56eb33506ac44afc97ed0fc46e99) Importer(2089858483,192608db42251d675da83286b1cce702) (ScriptedImporter)[PhysX] Initialized MultithreadedTaskDispatcher with 8 workers.
 -> (artifact id: 'c38420bffc7a84c6097dac455736c5e5') in 0.0181754 seconds
Number of updated asset objects reloaded before import = 0Number of asset objects unloaded after import = 1

========================================================================
Received Import Request.
  Time since last request: 0.000124 seconds.
  path: Assets/Scripts/LineRendererManager.cs
  artifactKey: Guid(c080fbca0f21f8242a7f30d14e5d1a0f) Importer(2089858483,192608db42251d675da83286b1cce702)
Start importing Assets/Scripts/LineRendererManager.cs using Guid(c080fbca0f21f8242a7f30d14e5d1a0f) Importer(2089858483,192608db42251d675da83286b1cce702) (ScriptedImporter)[PhysX] Initialized MultithreadedTaskDispatcher with 8 workers.
 -> (artifact id: '139f322630022d28abba725652534947') in 0.0143656 seconds
Number of updated asset objects reloaded before import = 0Number of asset objects unloaded after import = 0

========================================================================
Received Import Request.
  Time since last request: 0.000104 seconds.
  path: Assets/TextMesh Pro/Resources/TMP Settings.asset
  artifactKey: Guid(3f5b5dff67a942289a9defa416b206f3) Importer(2089858483,192608db42251d675da83286b1cce702)
Start importing Assets/TextMesh Pro/Resources/TMP Settings.asset using Guid(3f5b5dff67a942289a9defa416b206f3) Importer(2089858483,192608db42251d675da83286b1cce702) (ScriptedImporter)[PhysX] Initialized MultithreadedTaskDispatcher with 8 workers.
 -> (artifact id: '4bbaeca4f1b2803de9cdeda12e3f3e32') in 0.0195054 seconds
Number of updated asset objects reloaded before import = 0Number of asset objects unloaded after import = 1

========================================================================
Received Import Request.
  Time since last request: 0.000017 seconds.
  path: Assets/Scripts/ModelsManager.cs
  artifactKey: Guid(2c4ead5b853692549a1dcf9624e5e780) Importer(2089858483,192608db42251d675da83286b1cce702)
Start importing Assets/Scripts/ModelsManager.cs using Guid(2c4ead5b853692549a1dcf9624e5e780) Importer(2089858483,192608db42251d675da83286b1cce702) (ScriptedImporter)[PhysX] Initialized MultithreadedTaskDispatcher with 8 workers.
 -> (artifact id: '8bbf352bab2e840d6638f2c2596336de') in 0.0107886 seconds
Number of updated asset objects reloaded before import = 0Number of asset objects unloaded after import = 0

========================================================================
Received Import Request.
  Time since last request: 0.000061 seconds.
  path: Assets/3D Model/Label/Label.fbx
  artifactKey: Guid(a73ba3cf6ef1f5c41b2eb5d9bcec6c55) Importer(2089858483,192608db42251d675da83286b1cce702)
Start importing Assets/3D Model/Label/Label.fbx using Guid(a73ba3cf6ef1f5c41b2eb5d9bcec6c55) Importer(2089858483,192608db42251d675da83286b1cce702) (ScriptedImporter)[PhysX] Initialized MultithreadedTaskDispatcher with 8 workers.
 -> (artifact id: '93bb0d2d847215d05e4bf9187db4d809') in 0.0484082 seconds
Number of updated asset objects reloaded before import = 0Number of asset objects unloaded after import = 19

========================================================================
Received Import Request.
  Time since last request: 0.000019 seconds.
  path: Assets/Scripts/ButtonControlledMovement.cs
  artifactKey: Guid(6de1c7f907e5ac04a9cf1264cd00ce4f) Importer(2089858483,192608db42251d675da83286b1cce702)
Start importing Assets/Scripts/ButtonControlledMovement.cs using Guid(6de1c7f907e5ac04a9cf1264cd00ce4f) Importer(2089858483,192608db42251d675da83286b1cce702) (ScriptedImporter)[PhysX] Initialized MultithreadedTaskDispatcher with 8 workers.
 -> (artifact id: 'e66722341e76ff3ddc44103977b407b8') in 0.0112992 seconds
Number of updated asset objects reloaded before import = 0Number of asset objects unloaded after import = 0

========================================================================
Received Import Request.
  Time since last request: 0.000037 seconds.
  path: Assets/image/speaker.png
  artifactKey: Guid(52b1d023a79b0fd48a96e871e0a2071d) Importer(2089858483,192608db42251d675da83286b1cce702)
Start importing Assets/image/speaker.png using Guid(52b1d023a79b0fd48a96e871e0a2071d) Importer(2089858483,192608db42251d675da83286b1cce702) (ScriptedImporter)[PhysX] Initialized MultithreadedTaskDispatcher with 8 workers.
 -> (artifact id: '575d948881970bc0fedae9b88f4d14f5') in 0.0485184 seconds
Number of updated asset objects reloaded before import = 0Number of asset objects unloaded after import = 3

========================================================================
Received Import Request.
  Time since last request: 0.000017 seconds.
  path: Assets/Scripts/EyeIconToggle.cs
  artifactKey: Guid(6b0a414283617d7449597e0e06c3b794) Importer(2089858483,192608db42251d675da83286b1cce702)
Start importing Assets/Scripts/EyeIconToggle.cs using Guid(6b0a414283617d7449597e0e06c3b794) Importer(2089858483,192608db42251d675da83286b1cce702) (ScriptedImporter)[PhysX] Initialized MultithreadedTaskDispatcher with 8 workers.
 -> (artifact id: 'd0dc5875fd319bce905077d2233b2bf9') in 0.0105672 seconds
Number of updated asset objects reloaded before import = 0Number of asset objects unloaded after import = 0

========================================================================
Received Import Request.
  Time since last request: 0.000092 seconds.
  path: Assets/Scripts/AssetBundleBuilder.cs
  artifactKey: Guid(0df4b27dbbce341478bad60755a93f70) Importer(2089858483,192608db42251d675da83286b1cce702)
Start importing Assets/Scripts/AssetBundleBuilder.cs using Guid(0df4b27dbbce341478bad60755a93f70) Importer(2089858483,192608db42251d675da83286b1cce702) (ScriptedImporter)[PhysX] Initialized MultithreadedTaskDispatcher with 8 workers.
 -> (artifact id: '616a3ddc866bebe07cd212e26e62643a') in 0.0107376 seconds
Number of updated asset objects reloaded before import = 0Number of asset objects unloaded after import = 0

========================================================================
Received Import Request.
  Time since last request: 0.000077 seconds.
  path: Assets/image/Help.png
  artifactKey: Guid(67092558a46bd564d9323bb34f75c035) Importer(2089858483,192608db42251d675da83286b1cce702)
Start importing Assets/image/Help.png using Guid(67092558a46bd564d9323bb34f75c035) Importer(2089858483,192608db42251d675da83286b1cce702) (ScriptedImporter)[PhysX] Initialized MultithreadedTaskDispatcher with 8 workers.
 -> (artifact id: 'c4fa70324a07b7d8d2f3c4618afcf8d5') in 0.0216985 seconds
Number of updated asset objects reloaded before import = 0Number of asset objects unloaded after import = 3

========================================================================
Received Import Request.
  Time since last request: 0.000017 seconds.
  path: Assets/Scripts/SceneMenegment.cs
  artifactKey: Guid(ec3350100dac02446bc37dc2c0b4248d) Importer(2089858483,192608db42251d675da83286b1cce702)
Start importing Assets/Scripts/SceneMenegment.cs using Guid(ec3350100dac02446bc37dc2c0b4248d) Importer(2089858483,192608db42251d675da83286b1cce702) (ScriptedImporter)[PhysX] Initialized MultithreadedTaskDispatcher with 8 workers.
 -> (artifact id: 'ff856428faf06339683c29a139f35062') in 0.0106101 seconds
Number of updated asset objects reloaded before import = 0Number of asset objects unloaded after import = 0

========================================================================
Received Import Request.
  Time since last request: 0.000037 seconds.
  path: Assets/image/Redo.png
  artifactKey: Guid(469b270efbe848746ba289bb2c205df0) Importer(2089858483,192608db42251d675da83286b1cce702)
Start importing Assets/image/Redo.png using Guid(469b270efbe848746ba289bb2c205df0) Importer(2089858483,192608db42251d675da83286b1cce702) (ScriptedImporter)[PhysX] Initialized MultithreadedTaskDispatcher with 8 workers.
 -> (artifact id: '219b0783a9b98c5442a41445d72959c8') in 0.027488 seconds
Number of updated asset objects reloaded before import = 0Number of asset objects unloaded after import = 3

========================================================================
Received Import Request.
  Time since last request: 0.000032 seconds.
  path: Assets/image/Vector (1).png
  artifactKey: Guid(63e7386950087f2498a8a4363cb10f9d) Importer(2089858483,192608db42251d675da83286b1cce702)
Start importing Assets/image/Vector (1).png using Guid(63e7386950087f2498a8a4363cb10f9d) Importer(2089858483,192608db42251d675da83286b1cce702) (ScriptedImporter)[PhysX] Initialized MultithreadedTaskDispatcher with 8 workers.
 -> (artifact id: 'd6e4b693192c0a4aa593c5ad9d2464e3') in 0.024503 seconds
Number of updated asset objects reloaded before import = 0Number of asset objects unloaded after import = 3

========================================================================
Received Import Request.
  Time since last request: 0.000017 seconds.
  path: Assets/Scripts/ToggleScriptController.cs
  artifactKey: Guid(cadd42d48c7b1ad4d8cf3e083716479a) Importer(2089858483,192608db42251d675da83286b1cce702)
Start importing Assets/Scripts/ToggleScriptController.cs using Guid(cadd42d48c7b1ad4d8cf3e083716479a) Importer(2089858483,192608db42251d675da83286b1cce702) (ScriptedImporter)[PhysX] Initialized MultithreadedTaskDispatcher with 8 workers.
 -> (artifact id: 'f73ff4aa9c00467a6c578ebbc9375e61') in 0.0111485 seconds
Number of updated asset objects reloaded before import = 0Number of asset objects unloaded after import = 0

========================================================================
Received Import Request.
  Time since last request: 0.000081 seconds.
  path: Assets/Scripts/AudioController.cs
  artifactKey: Guid(d70e685f6a901ed4db74bfa44e652ec4) Importer(2089858483,192608db42251d675da83286b1cce702)
Start importing Assets/Scripts/AudioController.cs using Guid(d70e685f6a901ed4db74bfa44e652ec4) Importer(2089858483,192608db42251d675da83286b1cce702) (ScriptedImporter)[PhysX] Initialized MultithreadedTaskDispatcher with 8 workers.
 -> (artifact id: 'ae42cee3f4b47182db854cf0b58ac3f4') in 0.0097733 seconds
Number of updated asset objects reloaded before import = 0Number of asset objects unloaded after import = 0

========================================================================
Received Import Request.
  Time since last request: 0.000112 seconds.
  path: Assets/Scripts/ObjectToUILabelConnector.cs
  artifactKey: Guid(4f9c730aae41f97468f2cf7c0afc1e63) Importer(2089858483,192608db42251d675da83286b1cce702)
Start importing Assets/Scripts/ObjectToUILabelConnector.cs using Guid(4f9c730aae41f97468f2cf7c0afc1e63) Importer(2089858483,192608db42251d675da83286b1cce702) (ScriptedImporter)[PhysX] Initialized MultithreadedTaskDispatcher with 8 workers.
 -> (artifact id: '3c09d009698e1827ef458a2c52dba58a') in 0.013226 seconds
Number of updated asset objects reloaded before import = 0Number of asset objects unloaded after import = 0

========================================================================
Received Import Request.
  Time since last request: 0.000061 seconds.
  path: Assets/Scripts/Label.cs
  artifactKey: Guid(e88e45d6dbbc0de438b30cd219488fdc) Importer(2089858483,192608db42251d675da83286b1cce702)
Start importing Assets/Scripts/Label.cs using Guid(e88e45d6dbbc0de438b30cd219488fdc) Importer(2089858483,192608db42251d675da83286b1cce702) (ScriptedImporter)[PhysX] Initialized MultithreadedTaskDispatcher with 8 workers.
 -> (artifact id: '4017e0642d9318eb261dfebffe842956') in 0.0115785 seconds
Number of updated asset objects reloaded before import = 0Number of asset objects unloaded after import = 0

========================================================================
Received Import Request.
  Time since last request: 0.000102 seconds.
  path: Assets/image/image 7.png
  artifactKey: Guid(a177633013bbcc647896122a80ea2bbd) Importer(2089858483,192608db42251d675da83286b1cce702)
Start importing Assets/image/image 7.png using Guid(a177633013bbcc647896122a80ea2bbd) Importer(2089858483,192608db42251d675da83286b1cce702) (ScriptedImporter)[PhysX] Initialized MultithreadedTaskDispatcher with 8 workers.
 -> (artifact id: '68c6d7b436343e317f22b4187b2e05a7') in 0.0260459 seconds
Number of updated asset objects reloaded before import = 0Number of asset objects unloaded after import = 3

========================================================================
Received Import Request.
  Time since last request: 0.000034 seconds.
  path: Assets/TextMesh Pro/Fonts/LiberationSans - OFL.txt
  artifactKey: Guid(6e59c59b81ab47f9b6ec5781fa725d2c) Importer(2089858483,192608db42251d675da83286b1cce702)
Start importing Assets/TextMesh Pro/Fonts/LiberationSans - OFL.txt using Guid(6e59c59b81ab47f9b6ec5781fa725d2c) Importer(2089858483,192608db42251d675da83286b1cce702) (ScriptedImporter)[PhysX] Initialized MultithreadedTaskDispatcher with 8 workers.
 -> (artifact id: '54be53ac417de24d246d77695b49813e') in 0.0188597 seconds
Number of updated asset objects reloaded before import = 0Number of asset objects unloaded after import = 1

========================================================================
Received Import Request.
  Time since last request: 0.000124 seconds.
  path: Assets/TextMesh Pro/Shaders/TMP_SDF Overlay.shader
  artifactKey: Guid(dd89cf5b9246416f84610a006f916af7) Importer(2089858483,192608db42251d675da83286b1cce702)
Start importing Assets/TextMesh Pro/Shaders/TMP_SDF Overlay.shader using Guid(dd89cf5b9246416f84610a006f916af7) Importer(2089858483,192608db42251d675da83286b1cce702) (ScriptedImporter)[PhysX] Initialized MultithreadedTaskDispatcher with 8 workers.
 -> (artifact id: 'e253eb52848bd757e31852f2a3533f58') in 0.0245011 seconds
Number of updated asset objects reloaded before import = 0Number of asset objects unloaded after import = 1

========================================================================
Received Import Request.
  Time since last request: 0.000044 seconds.
  path: Assets/TextMesh Pro/Shaders/TMP_SDF SSD.shader
  artifactKey: Guid(14eb328de4b8eb245bb7cea29e4ac00b) Importer(2089858483,192608db42251d675da83286b1cce702)
Start importing Assets/TextMesh Pro/Shaders/TMP_SDF SSD.shader using Guid(14eb328de4b8eb245bb7cea29e4ac00b) Importer(2089858483,192608db42251d675da83286b1cce702) (ScriptedImporter)[PhysX] Initialized MultithreadedTaskDispatcher with 8 workers.
 -> (artifact id: 'd0ff8f28b807bd1317e2bdab242f6c2b') in 0.0194771 seconds
Number of updated asset objects reloaded before import = 0Number of asset objects unloaded after import = 1

========================================================================
Received Import Request.
  Time since last request: 0.000018 seconds.
  path: Assets/3D Model/Physics components/02 screw gauge/12 exp 01 screw gauge with ani.fbx
  artifactKey: Guid(1be577eb16b8f34498c16365f1a76225) Importer(2089858483,192608db42251d675da83286b1cce702)
Start importing Assets/3D Model/Physics components/02 screw gauge/12 exp 01 screw gauge with ani.fbx using Guid(1be577eb16b8f34498c16365f1a76225) Importer(2089858483,192608db42251d675da83286b1cce702) (ScriptedImporter)[PhysX] Initialized MultithreadedTaskDispatcher with 8 workers.
 -> (artifact id: 'fd5bce99e52c4e5f76fa8b3b4527ea71') in 0.0469468 seconds
Number of updated asset objects reloaded before import = 0Number of asset objects unloaded after import = 81

========================================================================
Received Import Request.
  Time since last request: 0.000021 seconds.
  path: Assets/TextMesh Pro/Examples & Extras/Fonts/Bangers.ttf
  artifactKey: Guid(5dd49b3eacc540408c98eee0de38e0f1) Importer(2089858483,192608db42251d675da83286b1cce702)
Start importing Assets/TextMesh Pro/Examples & Extras/Fonts/Bangers.ttf using Guid(5dd49b3eacc540408c98eee0de38e0f1) Importer(2089858483,192608db42251d675da83286b1cce702) (ScriptedImporter)[PhysX] Initialized MultithreadedTaskDispatcher with 8 workers.
 -> (artifact id: 'b6d181bc06ca6ab6ace62eed73c8b2b9') in 0.0280885 seconds
Number of updated asset objects reloaded before import = 0Number of asset objects unloaded after import = 3

========================================================================
Received Import Request.
  Time since last request: 0.000031 seconds.
  path: Assets/TextMesh Pro/Examples & Extras/Fonts/Roboto-Bold.ttf
  artifactKey: Guid(4beb055f07aaff244873dec698d0363e) Importer(2089858483,192608db42251d675da83286b1cce702)
Start importing Assets/TextMesh Pro/Examples & Extras/Fonts/Roboto-Bold.ttf using Guid(4beb055f07aaff244873dec698d0363e) Importer(2089858483,192608db42251d675da83286b1cce702) (ScriptedImporter)[PhysX] Initialized MultithreadedTaskDispatcher with 8 workers.
 -> (artifact id: 'cc7738b6e9bc85ddf51532d69b92ed45') in 0.0233004 seconds
Number of updated asset objects reloaded before import = 0Number of asset objects unloaded after import = 3

========================================================================
Received Import Request.
  Time since last request: 0.000048 seconds.
  path: Assets/TextMesh Pro/Examples & Extras/Fonts/Unity.ttf
  artifactKey: Guid(f4eec857a4fdf2f43be0e9f3d1a984e7) Importer(2089858483,192608db42251d675da83286b1cce702)
Start importing Assets/TextMesh Pro/Examples & Extras/Fonts/Unity.ttf using Guid(f4eec857a4fdf2f43be0e9f3d1a984e7) Importer(2089858483,192608db42251d675da83286b1cce702) (ScriptedImporter)[PhysX] Initialized MultithreadedTaskDispatcher with 8 workers.
 -> (artifact id: 'f866e2558ee80dd89c002aa4d945b511') in 0.0246882 seconds
Number of updated asset objects reloaded before import = 0Number of asset objects unloaded after import = 3

========================================================================
Received Import Request.
  Time since last request: 0.000018 seconds.
  path: Assets/TextMesh Pro/Examples & Extras/Fonts/Roboto-Bold - AFL.txt
  artifactKey: Guid(f28c334d44214474d9702d3ad79ecb0a) Importer(2089858483,192608db42251d675da83286b1cce702)
Start importing Assets/TextMesh Pro/Examples & Extras/Fonts/Roboto-Bold - AFL.txt using Guid(f28c334d44214474d9702d3ad79ecb0a) Importer(2089858483,192608db42251d675da83286b1cce702) (ScriptedImporter)[PhysX] Initialized MultithreadedTaskDispatcher with 8 workers.
 -> (artifact id: 'f7a92025f297a405e1eacec13af917c2') in 0.0178033 seconds
Number of updated asset objects reloaded before import = 0Number of asset objects unloaded after import = 1

========================================================================
Received Import Request.
  Time since last request: 0.000049 seconds.
  path: Assets/Scripts/PanelToggle.cs
  artifactKey: Guid(4754b61924a8fba47be43f1467af4bc5) Importer(2089858483,192608db42251d675da83286b1cce702)
Start importing Assets/Scripts/PanelToggle.cs using Guid(4754b61924a8fba47be43f1467af4bc5) Importer(2089858483,192608db42251d675da83286b1cce702) (ScriptedImporter)[PhysX] Initialized MultithreadedTaskDispatcher with 8 workers.
 -> (artifact id: 'a2fe5c8f78da69231ec74b41d5f9e037') in 0.0111189 seconds
Number of updated asset objects reloaded before import = 0Number of asset objects unloaded after import = 0

========================================================================
Received Import Request.
  Time since last request: 0.000132 seconds.
  path: Assets/GradientSkybox/Editor/LinearThreeColorGradientSkyboxGUI.cs
  artifactKey: Guid(538fbb555bec3154cba1e49f1dc491ba) Importer(2089858483,192608db42251d675da83286b1cce702)
Start importing Assets/GradientSkybox/Editor/LinearThreeColorGradientSkyboxGUI.cs using Guid(538fbb555bec3154cba1e49f1dc491ba) Importer(2089858483,192608db42251d675da83286b1cce702) (ScriptedImporter)[PhysX] Initialized MultithreadedTaskDispatcher with 8 workers.
 -> (artifact id: 'e9b267573946d7231856a7edc0b2b750') in 0.0106249 seconds
Number of updated asset objects reloaded before import = 0Number of asset objects unloaded after import = 0

========================================================================
Received Import Request.
  Time since last request: 0.000066 seconds.
  path: Assets/3D Model/Physics components/03 spherometer exp 03/spherometer with ani.fbx
  artifactKey: Guid(7b8409bf23d59a048877bda2d0e1e257) Importer(2089858483,192608db42251d675da83286b1cce702)
Start importing Assets/3D Model/Physics components/03 spherometer exp 03/spherometer with ani.fbx using Guid(7b8409bf23d59a048877bda2d0e1e257) Importer(2089858483,192608db42251d675da83286b1cce702) (ScriptedImporter)[PhysX] Initialized MultithreadedTaskDispatcher with 8 workers.
 -> (artifact id: 'e9d673a28f2be59d474568c99e63aa94') in 0.0353304 seconds
Number of updated asset objects reloaded before import = 0Number of asset objects unloaded after import = 55

========================================================================
Received Import Request.
  Time since last request: 0.000016 seconds.
  path: Assets/materials/white.mat
  artifactKey: Guid(880c968bbc4676c41901a51882be41bf) Importer(2089858483,192608db42251d675da83286b1cce702)
Start importing Assets/materials/white.mat using Guid(880c968bbc4676c41901a51882be41bf) Importer(2089858483,192608db42251d675da83286b1cce702) (ScriptedImporter)[PhysX] Initialized MultithreadedTaskDispatcher with 8 workers.
 -> (artifact id: 'dbfa5c2bf769c3d74f962c329d57f5b4') in 0.0225313 seconds
Number of updated asset objects reloaded before import = 0Number of asset objects unloaded after import = 1

========================================================================
Received Import Request.
  Time since last request: 0.000042 seconds.
  path: Assets/TextMesh Pro/Examples & Extras/Fonts/Oswald-Bold - OFL.txt
  artifactKey: Guid(d2cf87a8a7a94aa8b80dff1c807c1178) Importer(2089858483,192608db42251d675da83286b1cce702)
Start importing Assets/TextMesh Pro/Examples & Extras/Fonts/Oswald-Bold - OFL.txt using Guid(d2cf87a8a7a94aa8b80dff1c807c1178) Importer(2089858483,192608db42251d675da83286b1cce702) (ScriptedImporter)[PhysX] Initialized MultithreadedTaskDispatcher with 8 workers.
 -> (artifact id: 'fa897618cfe30f99fb381fcd789475a1') in 0.0185974 seconds
Number of updated asset objects reloaded before import = 0Number of asset objects unloaded after import = 1

========================================================================
Received Import Request.
  Time since last request: 0.000087 seconds.
  path: Assets/Scripts/ScaleModels.cs
  artifactKey: Guid(ebee3233fbe8de6408516e7519bfd84d) Importer(2089858483,192608db42251d675da83286b1cce702)
Start importing Assets/Scripts/ScaleModels.cs using Guid(ebee3233fbe8de6408516e7519bfd84d) Importer(2089858483,192608db42251d675da83286b1cce702) (ScriptedImporter)[PhysX] Initialized MultithreadedTaskDispatcher with 8 workers.
 -> (artifact id: 'ed48473b989ed5acaea4acb062ffb6e7') in 0.0118632 seconds
Number of updated asset objects reloaded before import = 0Number of asset objects unloaded after import = 0

========================================================================
Received Import Request.
  Time since last request: 0.000070 seconds.
  path: Assets/TextMesh Pro/Resources/LineBreaking Leading Characters.txt
  artifactKey: Guid(d82c1b31c7e74239bff1220585707d2b) Importer(2089858483,192608db42251d675da83286b1cce702)
Start importing Assets/TextMesh Pro/Resources/LineBreaking Leading Characters.txt using Guid(d82c1b31c7e74239bff1220585707d2b) Importer(2089858483,192608db42251d675da83286b1cce702) (ScriptedImporter)[PhysX] Initialized MultithreadedTaskDispatcher with 8 workers.
 -> (artifact id: '03acb5a1c91494d3872cbb5792cb2ef6') in 0.0171709 seconds
Number of updated asset objects reloaded before import = 0Number of asset objects unloaded after import = 1

========================================================================
Received Import Request.
  Time since last request: 0.000084 seconds.
  path: Assets/Resources/Template/Label (1).prefab
  artifactKey: Guid(b44ea80b01b2552488e2e74f62206cae) Importer(2089858483,192608db42251d675da83286b1cce702)
Start importing Assets/Resources/Template/Label (1).prefab using Guid(b44ea80b01b2552488e2e74f62206cae) Importer(2089858483,192608db42251d675da83286b1cce702) (ScriptedImporter)[PhysX] Initialized MultithreadedTaskDispatcher with 8 workers.
 -> (artifact id: 'd7c67a17cd393afe52cdf3bb2ecf2d8c') in 0.0260796 seconds
Number of updated asset objects reloaded before import = 0Number of asset objects unloaded after import = 32

========================================================================
Received Import Request.
  Time since last request: 0.000017 seconds.
  path: Assets/TextMesh Pro/Sprites/EmojiOne.json
  artifactKey: Guid(8f05276190cf498a8153f6cbe761d4e6) Importer(2089858483,192608db42251d675da83286b1cce702)
Start importing Assets/TextMesh Pro/Sprites/EmojiOne.json using Guid(8f05276190cf498a8153f6cbe761d4e6) Importer(2089858483,192608db42251d675da83286b1cce702) (ScriptedImporter)[PhysX] Initialized MultithreadedTaskDispatcher with 8 workers.
 -> (artifact id: '810ee697ef74cfaa662a0c645ab5c7a4') in 0.0183832 seconds
Number of updated asset objects reloaded before import = 0Number of asset objects unloaded after import = 1

========================================================================
Received Import Request.
  Time since last request: 0.000088 seconds.
  path: Assets/image/Voice.png
  artifactKey: Guid(0bc05ab870a16c84a81b7080c4420ca7) Importer(2089858483,192608db42251d675da83286b1cce702)
Start importing Assets/image/Voice.png using Guid(0bc05ab870a16c84a81b7080c4420ca7) Importer(2089858483,192608db42251d675da83286b1cce702) (ScriptedImporter)[PhysX] Initialized MultithreadedTaskDispatcher with 8 workers.
 -> (artifact id: 'a9ff329cbffac001e7295b00157021b9') in 0.0250127 seconds
Number of updated asset objects reloaded before import = 0Number of asset objects unloaded after import = 3

========================================================================
Received Import Request.
  Time since last request: 0.000032 seconds.
  path: Assets/GradientSkybox/Editor/CircularMultipleColorGradientSkyboxGUI.cs
  artifactKey: Guid(7815b9f61f2140c438f009532ca4ce14) Importer(2089858483,192608db42251d675da83286b1cce702)
Start importing Assets/GradientSkybox/Editor/CircularMultipleColorGradientSkyboxGUI.cs using Guid(7815b9f61f2140c438f009532ca4ce14) Importer(2089858483,192608db42251d675da83286b1cce702) (ScriptedImporter)[PhysX] Initialized MultithreadedTaskDispatcher with 8 workers.
 -> (artifact id: '1cec1c6868d47704591ce044d6f3877f') in 0.0116607 seconds
Number of updated asset objects reloaded before import = 0Number of asset objects unloaded after import = 0

========================================================================
Received Import Request.
  Time since last request: 0.000066 seconds.
  path: Assets/TextMesh Pro/Examples & Extras/Fonts/Oswald-Bold.ttf
  artifactKey: Guid(c9f6d0e7bc8541498c9a4799ba184ede) Importer(2089858483,192608db42251d675da83286b1cce702)
Start importing Assets/TextMesh Pro/Examples & Extras/Fonts/Oswald-Bold.ttf using Guid(c9f6d0e7bc8541498c9a4799ba184ede) Importer(2089858483,192608db42251d675da83286b1cce702) (ScriptedImporter)[PhysX] Initialized MultithreadedTaskDispatcher with 8 workers.
 -> (artifact id: 'f4cf3136a87fa5c89121e3a6374f027e') in 0.0195396 seconds
Number of updated asset objects reloaded before import = 0Number of asset objects unloaded after import = 3

========================================================================
Received Import Request.
  Time since last request: 0.000018 seconds.
  path: Assets/Scripts/Zoom.cs
  artifactKey: Guid(1ad6fa2b0fef78143b3df8462aba4ea4) Importer(2089858483,192608db42251d675da83286b1cce702)
Start importing Assets/Scripts/Zoom.cs using Guid(1ad6fa2b0fef78143b3df8462aba4ea4) Importer(2089858483,192608db42251d675da83286b1cce702) (ScriptedImporter)[PhysX] Initialized MultithreadedTaskDispatcher with 8 workers.
 -> (artifact id: 'ea7dee0d6e23f6d78415c0f19fcdb0ec') in 0.0113082 seconds
Number of updated asset objects reloaded before import = 0Number of asset objects unloaded after import = 0

========================================================================
Received Import Request.
  Time since last request: 0.000092 seconds.
  path: Assets/Scripts/ModelToggleController.cs
  artifactKey: Guid(a7f9cfb3101154449a84316883174653) Importer(2089858483,192608db42251d675da83286b1cce702)
Start importing Assets/Scripts/ModelToggleController.cs using Guid(a7f9cfb3101154449a84316883174653) Importer(2089858483,192608db42251d675da83286b1cce702) (ScriptedImporter)[PhysX] Initialized MultithreadedTaskDispatcher with 8 workers.
 -> (artifact id: 'd25b4a452f17725307192f48e15f0a85') in 0.0108273 seconds
Number of updated asset objects reloaded before import = 0Number of asset objects unloaded after import = 0

========================================================================
Received Import Request.
  Time since last request: 0.000116 seconds.
  path: Assets/Menu.controller
  artifactKey: Guid(92a6a38bf473ffe4e83d28c3ca094d1c) Importer(2089858483,192608db42251d675da83286b1cce702)
Start importing Assets/Menu.controller using Guid(92a6a38bf473ffe4e83d28c3ca094d1c) Importer(2089858483,192608db42251d675da83286b1cce702) (ScriptedImporter)[PhysX] Initialized MultithreadedTaskDispatcher with 8 workers.
 -> (artifact id: '9fec381f1d3a821487ade0c6ba48282f') in 0.0242372 seconds
Number of updated asset objects reloaded before import = 0Number of asset objects unloaded after import = 17

========================================================================
Received Import Request.
  Time since last request: 0.000017 seconds.
  path: Assets/Prefeb/Label.prefab
  artifactKey: Guid(1a0034498334f28438de8378491f5dad) Importer(2089858483,192608db42251d675da83286b1cce702)
Start importing Assets/Prefeb/Label.prefab using Guid(1a0034498334f28438de8378491f5dad) Importer(2089858483,192608db42251d675da83286b1cce702) (ScriptedImporter)[PhysX] Initialized MultithreadedTaskDispatcher with 8 workers.
 -> (artifact id: '7069b46c64180bfb2978737819bca77d') in 0.0657116 seconds
Number of updated asset objects reloaded before import = 0Number of asset objects unloaded after import = 31

========================================================================
Received Import Request.
  Time since last request: 0.000031 seconds.
  path: Assets/TextMesh Pro/Examples & Extras/Scenes/11 - The Style Tag.unity
  artifactKey: Guid(84ed36ad77dd4956b2ffe3769f759879) Importer(2089858483,192608db42251d675da83286b1cce702)
Start importing Assets/TextMesh Pro/Examples & Extras/Scenes/11 - The Style Tag.unity using Guid(84ed36ad77dd4956b2ffe3769f759879) Importer(2089858483,192608db42251d675da83286b1cce702) (ScriptedImporter)[PhysX] Initialized MultithreadedTaskDispatcher with 8 workers.
 -> (artifact id: '2eb89ce2bcdd9a378b15be0ff05cf1e7') in 0.019652 seconds
Number of updated asset objects reloaded before import = 0Number of asset objects unloaded after import = 1

========================================================================
Received Import Request.
  Time since last request: 0.000120 seconds.
  path: Assets/TextMesh Pro/Examples & Extras/Scenes/18 - ScrollRect & Masking & Layout.unity
  artifactKey: Guid(03f9d74cec8e4b94a29d2dfd177c821b) Importer(2089858483,192608db42251d675da83286b1cce702)
Start importing Assets/TextMesh Pro/Examples & Extras/Scenes/18 - ScrollRect & Masking & Layout.unity using Guid(03f9d74cec8e4b94a29d2dfd177c821b) Importer(2089858483,192608db42251d675da83286b1cce702) (ScriptedImporter)[PhysX] Initialized MultithreadedTaskDispatcher with 8 workers.
 -> (artifact id: '1bfaac2e57b92ba94ee2d7a7c747f4b3') in 0.0237576 seconds
Number of updated asset objects reloaded before import = 0Number of asset objects unloaded after import = 1

========================================================================
Received Import Request.
  Time since last request: 0.000113 seconds.
  path: Assets/TextMesh Pro/Examples & Extras/Scenes/27 - Double Pass Shader Example.unity
  artifactKey: Guid(3b38a6ba32b869f48812e595baf39746) Importer(2089858483,192608db42251d675da83286b1cce702)
Start importing Assets/TextMesh Pro/Examples & Extras/Scenes/27 - Double Pass Shader Example.unity using Guid(3b38a6ba32b869f48812e595baf39746) Importer(2089858483,192608db42251d675da83286b1cce702) (ScriptedImporter)[PhysX] Initialized MultithreadedTaskDispatcher with 8 workers.
 -> (artifact id: '1f25fefa38835299dede4f5df18b1c41') in 0.0196848 seconds
Number of updated asset objects reloaded before import = 0Number of asset objects unloaded after import = 1

========================================================================
Received Import Request.
  Time since last request: 0.000071 seconds.
  path: Assets/TextMesh Pro/Examples & Extras/Scripts/Benchmark03.cs
  artifactKey: Guid(a73109742c8d47ac822895a473300c29) Importer(2089858483,192608db42251d675da83286b1cce702)
Start importing Assets/TextMesh Pro/Examples & Extras/Scripts/Benchmark03.cs using Guid(a73109742c8d47ac822895a473300c29) Importer(2089858483,192608db42251d675da83286b1cce702) (ScriptedImporter)[PhysX] Initialized MultithreadedTaskDispatcher with 8 workers.
 -> (artifact id: 'dc922de7c7e8feb9aed90e50c6b6ad6d') in 0.009822 seconds
Number of updated asset objects reloaded before import = 0Number of asset objects unloaded after import = 0

========================================================================
Received Import Request.
  Time since last request: 0.000166 seconds.
  path: Assets/TextMesh Pro/Examples & Extras/Scenes/21 - Script Example.unity
  artifactKey: Guid(50f52f9274434ecfb34dd87f0836f323) Importer(2089858483,192608db42251d675da83286b1cce702)
Start importing Assets/TextMesh Pro/Examples & Extras/Scenes/21 - Script Example.unity using Guid(50f52f9274434ecfb34dd87f0836f323) Importer(2089858483,192608db42251d675da83286b1cce702) (ScriptedImporter)[PhysX] Initialized MultithreadedTaskDispatcher with 8 workers.
 -> (artifact id: '78c96a04d82247dfacd025fd03618a56') in 0.0196235 seconds
Number of updated asset objects reloaded before import = 0Number of asset objects unloaded after import = 1

========================================================================
Received Import Request.
  Time since last request: 0.000018 seconds.
  path: Assets/TextMesh Pro/Examples & Extras/Scripts/ChatController.cs
  artifactKey: Guid(53d91f98a2664f5cb9af11de72ac54ec) Importer(2089858483,192608db42251d675da83286b1cce702)
Start importing Assets/TextMesh Pro/Examples & Extras/Scripts/ChatController.cs using Guid(53d91f98a2664f5cb9af11de72ac54ec) Importer(2089858483,192608db42251d675da83286b1cce702) (ScriptedImporter)[PhysX] Initialized MultithreadedTaskDispatcher with 8 workers.
 -> (artifact id: '8188b709d54a73deca0a8ee491094f83') in 0.0106409 seconds
Number of updated asset objects reloaded before import = 0Number of asset objects unloaded after import = 0

========================================================================
Received Import Request.
  Time since last request: 0.000095 seconds.
  path: Assets/TextMesh Pro/Examples & Extras/Scenes/04 - Word Wrapping.unity
  artifactKey: Guid(8f7137eacd7042d5b17ef0efe5e744f5) Importer(2089858483,192608db42251d675da83286b1cce702)
Start importing Assets/TextMesh Pro/Examples & Extras/Scenes/04 - Word Wrapping.unity using Guid(8f7137eacd7042d5b17ef0efe5e744f5) Importer(2089858483,192608db42251d675da83286b1cce702) (ScriptedImporter)[PhysX] Initialized MultithreadedTaskDispatcher with 8 workers.
 -> (artifact id: 'a2acb69fff50ab132b337d7bdaee8f1f') in 0.0202152 seconds
Number of updated asset objects reloaded before import = 0Number of asset objects unloaded after import = 1

========================================================================
Received Import Request.
  Time since last request: 0.000041 seconds.
  path: Assets/TextMesh Pro/Examples & Extras/Scenes/14 - Multi Font & Sprites.unity
  artifactKey: Guid(22a2fba786ad4c40ac0ba09f0b933100) Importer(2089858483,192608db42251d675da83286b1cce702)
Start importing Assets/TextMesh Pro/Examples & Extras/Scenes/14 - Multi Font & Sprites.unity using Guid(22a2fba786ad4c40ac0ba09f0b933100) Importer(2089858483,192608db42251d675da83286b1cce702) (ScriptedImporter)[PhysX] Initialized MultithreadedTaskDispatcher with 8 workers.
 -> (artifact id: '1834f2d85eaf561ccf15e492821e8e73') in 0.0191118 seconds
Number of updated asset objects reloaded before import = 0Number of asset objects unloaded after import = 1

========================================================================
Received Import Request.
  Time since last request: 0.000106 seconds.
  path: Assets/TextMesh Pro/Examples & Extras/Scenes/19 - Masking Texture & Soft Mask.unity
  artifactKey: Guid(9abcd5bd764646568a6ea70d00f9264c) Importer(2089858483,192608db42251d675da83286b1cce702)
Start importing Assets/TextMesh Pro/Examples & Extras/Scenes/19 - Masking Texture & Soft Mask.unity using Guid(9abcd5bd764646568a6ea70d00f9264c) Importer(2089858483,192608db42251d675da83286b1cce702) (ScriptedImporter)[PhysX] Initialized MultithreadedTaskDispatcher with 8 workers.
 -> (artifact id: 'f024e2f84ff0858e634b736e3357320b') in 0.0212097 seconds
Number of updated asset objects reloaded before import = 0Number of asset objects unloaded after import = 1

========================================================================
Received Import Request.
  Time since last request: 0.000106 seconds.
  path: Assets/TextMesh Pro/Examples & Extras/Scenes/09 - Margin Tag Example.unity
  artifactKey: Guid(349f38d3606449708c7340d26740e1e2) Importer(2089858483,192608db42251d675da83286b1cce702)
Start importing Assets/TextMesh Pro/Examples & Extras/Scenes/09 - Margin Tag Example.unity using Guid(349f38d3606449708c7340d26740e1e2) Importer(2089858483,192608db42251d675da83286b1cce702) (ScriptedImporter)[PhysX] Initialized MultithreadedTaskDispatcher with 8 workers.
 -> (artifact id: '9eaaadd46fa0f66341d4b3df26d2c339') in 0.0198684 seconds
Number of updated asset objects reloaded before import = 0Number of asset objects unloaded after import = 1

========================================================================
Received Import Request.
  Time since last request: 0.000098 seconds.
  path: Assets/TextMesh Pro/Examples & Extras/Scenes/12a - Text Interactions.unity
  artifactKey: Guid(08572ab7713642c8a60789750f0bce5c) Importer(2089858483,192608db42251d675da83286b1cce702)
Start importing Assets/TextMesh Pro/Examples & Extras/Scenes/12a - Text Interactions.unity using Guid(08572ab7713642c8a60789750f0bce5c) Importer(2089858483,192608db42251d675da83286b1cce702) (ScriptedImporter)[PhysX] Initialized MultithreadedTaskDispatcher with 8 workers.
 -> (artifact id: 'ddcb349a7bb86428f8370144da2f2be3') in 0.0191641 seconds
Number of updated asset objects reloaded before import = 0Number of asset objects unloaded after import = 1

========================================================================
Received Import Request.
  Time since last request: 0.000086 seconds.
  path: Assets/TextMesh Pro/Examples & Extras/Prefabs/TextMeshPro - Prefab 1.prefab
  artifactKey: Guid(a6e39ced0ea046bcb636c3f0b2e2a745) Importer(2089858483,192608db42251d675da83286b1cce702)
Start importing Assets/TextMesh Pro/Examples & Extras/Prefabs/TextMeshPro - Prefab 1.prefab using Guid(a6e39ced0ea046bcb636c3f0b2e2a745) Importer(2089858483,192608db42251d675da83286b1cce702) (ScriptedImporter)[PhysX] Initialized MultithreadedTaskDispatcher with 8 workers.
 -> (artifact id: '34be8184cd4eedf6905f3395928b0cd8') in 0.0352427 seconds
Number of updated asset objects reloaded before import = 0Number of asset objects unloaded after import = 8

========================================================================
Received Import Request.
  Time since last request: 0.000017 seconds.
  path: Assets/GradientSkybox/Editor/LinearMultipleColorGradientSkyboxGUI.cs
  artifactKey: Guid(fcaa818f680cd854b84e2caa4f1bc83b) Importer(2089858483,192608db42251d675da83286b1cce702)
Start importing Assets/GradientSkybox/Editor/LinearMultipleColorGradientSkyboxGUI.cs using Guid(fcaa818f680cd854b84e2caa4f1bc83b) Importer(2089858483,192608db42251d675da83286b1cce702) (ScriptedImporter)[PhysX] Initialized MultithreadedTaskDispatcher with 8 workers.
 -> (artifact id: 'd761adcec4dc78d01b6788e6e851e7c6') in 0.0128262 seconds
Number of updated asset objects reloaded before import = 0Number of asset objects unloaded after import = 0

========================================================================
Received Import Request.
  Time since last request: 0.000081 seconds.
  path: Assets/TextMesh Pro/Examples & Extras/Fonts/Roboto-Bold - License.txt
  artifactKey: Guid(f0303f887b8fa7243a51432c478ff2f3) Importer(2089858483,192608db42251d675da83286b1cce702)
Start importing Assets/TextMesh Pro/Examples & Extras/Fonts/Roboto-Bold - License.txt using Guid(f0303f887b8fa7243a51432c478ff2f3) Importer(2089858483,192608db42251d675da83286b1cce702) (ScriptedImporter)[PhysX] Initialized MultithreadedTaskDispatcher with 8 workers.
 -> (artifact id: '0efd4bd3763c965ab1adc41ca2187a76') in 0.0174729 seconds
Number of updated asset objects reloaded before import = 0Number of asset objects unloaded after import = 1

========================================================================
Received Import Request.
  Time since last request: 0.000091 seconds.
  path: Assets/TextMesh Pro/Examples & Extras/Scenes/28 - HDRP Shader Example.unity
  artifactKey: Guid(eea2b7206368b444e84fbec4ec32b64a) Importer(2089858483,192608db42251d675da83286b1cce702)
Start importing Assets/TextMesh Pro/Examples & Extras/Scenes/28 - HDRP Shader Example.unity using Guid(eea2b7206368b444e84fbec4ec32b64a) Importer(2089858483,192608db42251d675da83286b1cce702) (ScriptedImporter)[PhysX] Initialized MultithreadedTaskDispatcher with 8 workers.
 -> (artifact id: 'b4ba2f07a1df39e4afc6c404776b8b76') in 0.0224963 seconds
Number of updated asset objects reloaded before import = 0Number of asset objects unloaded after import = 1

========================================================================
Received Import Request.
  Time since last request: 0.000064 seconds.
  path: Assets/TextMesh Pro/Examples & Extras/Materials/Ground - Logo Scene.mat
  artifactKey: Guid(c719e38f25a9480abd2480ab621a2949) Importer(2089858483,192608db42251d675da83286b1cce702)
Start importing Assets/TextMesh Pro/Examples & Extras/Materials/Ground - Logo Scene.mat using Guid(c719e38f25a9480abd2480ab621a2949) Importer(2089858483,192608db42251d675da83286b1cce702) (ScriptedImporter)[PhysX] Initialized MultithreadedTaskDispatcher with 8 workers.
 -> (artifact id: '118b89d9b0b867e5e847d5475eaf70aa') in 0.0671514 seconds
Number of updated asset objects reloaded before import = 0Number of asset objects unloaded after import = 2

========================================================================
Received Import Request.
  Time since last request: 0.000017 seconds.
  path: Assets/image/Vector (3).png
  artifactKey: Guid(783d025992ec80d4bb6ca1d5deb54b19) Importer(2089858483,192608db42251d675da83286b1cce702)
Start importing Assets/image/Vector (3).png using Guid(783d025992ec80d4bb6ca1d5deb54b19) Importer(2089858483,192608db42251d675da83286b1cce702) (ScriptedImporter)[PhysX] Initialized MultithreadedTaskDispatcher with 8 workers.
 -> (artifact id: 'f662e4aa45b949d02d55cf5b2050eb4d') in 0.0248587 seconds
Number of updated asset objects reloaded before import = 0Number of asset objects unloaded after import = 3

========================================================================
Received Import Request.
  Time since last request: 0.000020 seconds.
  path: Assets/Learning1.controller
  artifactKey: Guid(2911a48934947f040b88a5bb4f2463d6) Importer(2089858483,192608db42251d675da83286b1cce702)
Start importing Assets/Learning1.controller using Guid(2911a48934947f040b88a5bb4f2463d6) Importer(2089858483,192608db42251d675da83286b1cce702) (ScriptedImporter)[PhysX] Initialized MultithreadedTaskDispatcher with 8 workers.
 -> (artifact id: 'f519306d4d97abc064c8d9e915b1dbfe') in 0.0251622 seconds
Number of updated asset objects reloaded before import = 0Number of asset objects unloaded after import = 17

========================================================================
Received Import Request.
  Time since last request: 0.000058 seconds.
  path: Assets/TextMesh Pro/Examples & Extras/Scenes/Benchmark (Floating Text).unity
  artifactKey: Guid(16177da2e3254cee91944756d5f8ddd3) Importer(2089858483,192608db42251d675da83286b1cce702)
Start importing Assets/TextMesh Pro/Examples & Extras/Scenes/Benchmark (Floating Text).unity using Guid(16177da2e3254cee91944756d5f8ddd3) Importer(2089858483,192608db42251d675da83286b1cce702) (ScriptedImporter)[PhysX] Initialized MultithreadedTaskDispatcher with 8 workers.
 -> (artifact id: 'e1b8efbf0e7da67356befe2085332f48') in 0.022135 seconds
Number of updated asset objects reloaded before import = 0Number of asset objects unloaded after import = 1

========================================================================
Received Import Request.
  Time since last request: 0.000047 seconds.
  path: Assets/Fonts/Poppins-Regular SDF.asset
  artifactKey: Guid(9ded2d70b0b125a4ca3f6b7f31e30b55) Importer(2089858483,192608db42251d675da83286b1cce702)
Start importing Assets/Fonts/Poppins-Regular SDF.asset using Guid(9ded2d70b0b125a4ca3f6b7f31e30b55) Importer(2089858483,192608db42251d675da83286b1cce702) (ScriptedImporter)[PhysX] Initialized MultithreadedTaskDispatcher with 8 workers.
 -> (artifact id: '190314707c43ce32cbfd979ef53cf0af') in 0.03883 seconds
Number of updated asset objects reloaded before import = 0Number of asset objects unloaded after import = 1

========================================================================
Received Import Request.
  Time since last request: 0.000018 seconds.
  path: Assets/image/Settings.png
  artifactKey: Guid(c662299297fafe042b9b246874303eaa) Importer(2089858483,192608db42251d675da83286b1cce702)
Start importing Assets/image/Settings.png using Guid(c662299297fafe042b9b246874303eaa) Importer(2089858483,192608db42251d675da83286b1cce702) (ScriptedImporter)[PhysX] Initialized MultithreadedTaskDispatcher with 8 workers.
 -> (artifact id: '3289506d437cdecc382e67af927125fe') in 0.0225187 seconds
Number of updated asset objects reloaded before import = 0Number of asset objects unloaded after import = 3

========================================================================
Received Import Request.
  Time since last request: 0.000022 seconds.
  path: Assets/TextMesh Pro/Examples & Extras/Scenes/12 - Link Example.unity
  artifactKey: Guid(9747140c28254be2adc582210dfb89b8) Importer(2089858483,192608db42251d675da83286b1cce702)
Start importing Assets/TextMesh Pro/Examples & Extras/Scenes/12 - Link Example.unity using Guid(9747140c28254be2adc582210dfb89b8) Importer(2089858483,192608db42251d675da83286b1cce702) (ScriptedImporter)[PhysX] Initialized MultithreadedTaskDispatcher with 8 workers.
 -> (artifact id: '813509f2eee441113c5c3d9113b8c205') in 0.019089 seconds
Number of updated asset objects reloaded before import = 0Number of asset objects unloaded after import = 1

========================================================================
Received Import Request.
  Time since last request: 0.000089 seconds.
  path: Assets/TextMesh Pro/Shaders/TMP_Bitmap-Custom-Atlas.shader
  artifactKey: Guid(48bb5f55d8670e349b6e614913f9d910) Importer(2089858483,192608db42251d675da83286b1cce702)
Start importing Assets/TextMesh Pro/Shaders/TMP_Bitmap-Custom-Atlas.shader using Guid(48bb5f55d8670e349b6e614913f9d910) Importer(2089858483,192608db42251d675da83286b1cce702) (ScriptedImporter)[PhysX] Initialized MultithreadedTaskDispatcher with 8 workers.
 -> (artifact id: '2d7e704d5e4e7ea0b402ffa6aaad3173') in 0.0205043 seconds
Number of updated asset objects reloaded before import = 0Number of asset objects unloaded after import = 1

========================================================================
Received Import Request.
  Time since last request: 0.000083 seconds.
  path: Assets/TextMesh Pro/Examples & Extras/Fonts/Electronic Highway Sign.TTF
  artifactKey: Guid(8a2b9e2a607dd2143b58c44bc32410b4) Importer(2089858483,192608db42251d675da83286b1cce702)
Start importing Assets/TextMesh Pro/Examples & Extras/Fonts/Electronic Highway Sign.TTF using Guid(8a2b9e2a607dd2143b58c44bc32410b4) Importer(2089858483,192608db42251d675da83286b1cce702) (ScriptedImporter)[PhysX] Initialized MultithreadedTaskDispatcher with 8 workers.
 -> (artifact id: '16a38aec12621e58a5980fdbc810a158') in 0.0216546 seconds
Number of updated asset objects reloaded before import = 0Number of asset objects unloaded after import = 3

========================================================================
Received Import Request.
  Time since last request: 0.000017 seconds.
  path: Assets/TextMesh Pro/Examples & Extras/Scripts/EnvMapAnimator.cs
  artifactKey: Guid(a4b6f99e8bc54541bbd149b014ff441c) Importer(2089858483,192608db42251d675da83286b1cce702)
Start importing Assets/TextMesh Pro/Examples & Extras/Scripts/EnvMapAnimator.cs using Guid(a4b6f99e8bc54541bbd149b014ff441c) Importer(2089858483,192608db42251d675da83286b1cce702) (ScriptedImporter)[PhysX] Initialized MultithreadedTaskDispatcher with 8 workers.
 -> (artifact id: '967329088f99bc9339d2b81e3ed5479a') in 0.0098201 seconds
Number of updated asset objects reloaded before import = 0Number of asset objects unloaded after import = 0

========================================================================
Received Import Request.
  Time since last request: 0.000072 seconds.
  path: Assets/TextMesh Pro/Examples & Extras/Textures/Small Crate_diffuse.jpg
  artifactKey: Guid(602cb87b6a29443b8636370ea0751574) Importer(2089858483,192608db42251d675da83286b1cce702)
Start importing Assets/TextMesh Pro/Examples & Extras/Textures/Small Crate_diffuse.jpg using Guid(602cb87b6a29443b8636370ea0751574) Importer(2089858483,192608db42251d675da83286b1cce702) (ScriptedImporter)[PhysX] Initialized MultithreadedTaskDispatcher with 8 workers.
 -> (artifact id: '4494f9db552248635ebf6bcc53c5671f') in 0.0167987 seconds
Number of updated asset objects reloaded before import = 0Number of asset objects unloaded after import = 1

========================================================================
Received Import Request.
  Time since last request: 0.000074 seconds.
  path: Assets/TextMesh Pro/Examples & Extras/Scripts/WarpTextExample.cs
  artifactKey: Guid(790744c462254b7ba8038e6ed28b3db2) Importer(2089858483,192608db42251d675da83286b1cce702)
Start importing Assets/TextMesh Pro/Examples & Extras/Scripts/WarpTextExample.cs using Guid(790744c462254b7ba8038e6ed28b3db2) Importer(2089858483,192608db42251d675da83286b1cce702) (ScriptedImporter)[PhysX] Initialized MultithreadedTaskDispatcher with 8 workers.
 -> (artifact id: '5a13f417ba3e62725df60c0583a30154') in 0.0108909 seconds
Number of updated asset objects reloaded before import = 0Number of asset objects unloaded after import = 0

========================================================================
Received Import Request.
  Time since last request: 0.000143 seconds.
  path: Assets/TextMesh Pro/Examples & Extras/Textures/Wipe Pattern - Radial Quad.psd
  artifactKey: Guid(2b5e9ae96c5644d8bae932f8b4ca68a2) Importer(2089858483,192608db42251d675da83286b1cce702)
Start importing Assets/TextMesh Pro/Examples & Extras/Textures/Wipe Pattern - Radial Quad.psd using Guid(2b5e9ae96c5644d8bae932f8b4ca68a2) Importer(2089858483,192608db42251d675da83286b1cce702) (ScriptedImporter)[PhysX] Initialized MultithreadedTaskDispatcher with 8 workers.
 -> (artifact id: 'c28defd05cfaaa2c910a7a65da161225') in 0.0225077 seconds
Number of updated asset objects reloaded before import = 0Number of asset objects unloaded after import = 1

========================================================================
Received Import Request.
  Time since last request: 0.000045 seconds.
  path: Assets/TextMesh Pro/Examples & Extras/Sprites/Default Sprites.png
  artifactKey: Guid(a0fc465d6cf04254a2938578735e2383) Importer(2089858483,192608db42251d675da83286b1cce702)
Start importing Assets/TextMesh Pro/Examples & Extras/Sprites/Default Sprites.png using Guid(a0fc465d6cf04254a2938578735e2383) Importer(2089858483,192608db42251d675da83286b1cce702) (ScriptedImporter)[PhysX] Initialized MultithreadedTaskDispatcher with 8 workers.
 -> (artifact id: 'ab682550f3f512bb03a5191719851aab') in 0.0273855 seconds
Number of updated asset objects reloaded before import = 0Number of asset objects unloaded after import = 1

========================================================================
Received Import Request.
  Time since last request: 0.000047 seconds.
  path: Assets/TextMesh Pro/Resources/Style Sheets/Default Style Sheet.asset
  artifactKey: Guid(f952c082cb03451daed3ee968ac6c63e) Importer(2089858483,192608db42251d675da83286b1cce702)
Start importing Assets/TextMesh Pro/Resources/Style Sheets/Default Style Sheet.asset using Guid(f952c082cb03451daed3ee968ac6c63e) Importer(2089858483,192608db42251d675da83286b1cce702) (ScriptedImporter)[PhysX] Initialized MultithreadedTaskDispatcher with 8 workers.
 -> (artifact id: 'ca7197203b8efc5b72cbb42f25ee9878') in 0.0167266 seconds
Number of updated asset objects reloaded before import = 0Number of asset objects unloaded after import = 1

========================================================================
Received Import Request.
  Time since last request: 0.000026 seconds.
  path: Assets/TextMesh Pro/Resources/Fonts & Materials/LiberationSans SDF.asset
  artifactKey: Guid(8f586378b4e144a9851e7b34d9b748ee) Importer(2089858483,192608db42251d675da83286b1cce702)
Start importing Assets/TextMesh Pro/Resources/Fonts & Materials/LiberationSans SDF.asset using Guid(8f586378b4e144a9851e7b34d9b748ee) Importer(2089858483,192608db42251d675da83286b1cce702) (ScriptedImporter)[PhysX] Initialized MultithreadedTaskDispatcher with 8 workers.
 -> (artifact id: '8d97ad472002a016b2a1f0c55be51fdf') in 0.0242603 seconds
Number of updated asset objects reloaded before import = 0Number of asset objects unloaded after import = 1

========================================================================
Received Import Request.
  Time since last request: 0.000017 seconds.
  path: Assets/TextMesh Pro/Examples & Extras/Textures/Mask Zig-n-Zag.psd
  artifactKey: Guid(bb8dfcd263ad4eb383a33d74a720be6f) Importer(2089858483,192608db42251d675da83286b1cce702)
Start importing Assets/TextMesh Pro/Examples & Extras/Textures/Mask Zig-n-Zag.psd using Guid(bb8dfcd263ad4eb383a33d74a720be6f) Importer(2089858483,192608db42251d675da83286b1cce702) (ScriptedImporter)[PhysX] Initialized MultithreadedTaskDispatcher with 8 workers.
 -> (artifact id: '043cb38a7d2e616d0412fc69973901eb') in 0.0223402 seconds
Number of updated asset objects reloaded before import = 0Number of asset objects unloaded after import = 1

========================================================================
Received Import Request.
  Time since last request: 0.000017 seconds.
  path: Assets/TextMesh Pro/Examples & Extras/Textures/Wipe Pattern - Radial Double.psd
  artifactKey: Guid(7631f4eff8f74ed38eb3eb9db17134e1) Importer(2089858483,192608db42251d675da83286b1cce702)
Start importing Assets/TextMesh Pro/Examples & Extras/Textures/Wipe Pattern - Radial Double.psd using Guid(7631f4eff8f74ed38eb3eb9db17134e1) Importer(2089858483,192608db42251d675da83286b1cce702) (ScriptedImporter)[PhysX] Initialized MultithreadedTaskDispatcher with 8 workers.
 -> (artifact id: 'e06ee56b8d6af6f61ec71fe443a19f99') in 0.0233407 seconds
Number of updated asset objects reloaded before import = 0Number of asset objects unloaded after import = 1

========================================================================
Received Import Request.
  Time since last request: 0.000053 seconds.
  path: Assets/TextMesh Pro/Examples & Extras/Textures/Sunny Days - Seamless.jpg
  artifactKey: Guid(17c350171f7a3ca479f830547c66d187) Importer(2089858483,192608db42251d675da83286b1cce702)
Start importing Assets/TextMesh Pro/Examples & Extras/Textures/Sunny Days - Seamless.jpg using Guid(17c350171f7a3ca479f830547c66d187) Importer(2089858483,192608db42251d675da83286b1cce702) (ScriptedImporter)[PhysX] Initialized MultithreadedTaskDispatcher with 8 workers.
 -> (artifact id: '7de537f549a7fe24ff8fce7b929d7b1f') in 0.0219677 seconds
Number of updated asset objects reloaded before import = 0Number of asset objects unloaded after import = 1

========================================================================
Received Import Request.
  Time since last request: 0.000018 seconds.
  path: Assets/TextMesh Pro/Examples & Extras/Textures/Fruit Jelly (B&W).jpg
  artifactKey: Guid(1cdc5b506b1a4a33a53c30669ced1f51) Importer(2089858483,192608db42251d675da83286b1cce702)
Start importing Assets/TextMesh Pro/Examples & Extras/Textures/Fruit Jelly (B&W).jpg using Guid(1cdc5b506b1a4a33a53c30669ced1f51) Importer(2089858483,192608db42251d675da83286b1cce702) (ScriptedImporter)[PhysX] Initialized MultithreadedTaskDispatcher with 8 workers.
 -> (artifact id: '882289f5d742390d887c4c36ffed148d') in 0.0189055 seconds
Number of updated asset objects reloaded before import = 0Number of asset objects unloaded after import = 1

========================================================================
Received Import Request.
  Time since last request: 0.000063 seconds.
  path: Assets/TextMesh Pro/Examples & Extras/Scripts/SkewTextExample.cs
  artifactKey: Guid(d412675cfb3441efa3bf8dcd9b7624dc) Importer(2089858483,192608db42251d675da83286b1cce702)
Start importing Assets/TextMesh Pro/Examples & Extras/Scripts/SkewTextExample.cs using Guid(d412675cfb3441efa3bf8dcd9b7624dc) Importer(2089858483,192608db42251d675da83286b1cce702) (ScriptedImporter)[PhysX] Initialized MultithreadedTaskDispatcher with 8 workers.
 -> (artifact id: 'e38c7d3d0d811e3af51b3f4e2d14215b') in 0.0113975 seconds
Number of updated asset objects reloaded before import = 0Number of asset objects unloaded after import = 0

========================================================================
Received Import Request.
  Time since last request: 0.000108 seconds.
  path: Assets/TextMesh Pro/Examples & Extras/Textures/Gradient Horizontal (Color).jpg
  artifactKey: Guid(6eb184de103d4b3f812b38561065192f) Importer(2089858483,192608db42251d675da83286b1cce702)
Start importing Assets/TextMesh Pro/Examples & Extras/Textures/Gradient Horizontal (Color).jpg using Guid(6eb184de103d4b3f812b38561065192f) Importer(2089858483,192608db42251d675da83286b1cce702) (ScriptedImporter)[PhysX] Initialized MultithreadedTaskDispatcher with 8 workers.
 -> (artifact id: '65a9757bee39b0c4ef220f376e056467') in 0.0234973 seconds
Number of updated asset objects reloaded before import = 0Number of asset objects unloaded after import = 1

========================================================================
Received Import Request.
  Time since last request: 0.000041 seconds.
  path: Assets/TextMesh Pro/Examples & Extras/Scripts/TMP_UiFrameRateCounter.cs
  artifactKey: Guid(24b0dc2d1d494adbbec1f4db26b4cf83) Importer(2089858483,192608db42251d675da83286b1cce702)
Start importing Assets/TextMesh Pro/Examples & Extras/Scripts/TMP_UiFrameRateCounter.cs using Guid(24b0dc2d1d494adbbec1f4db26b4cf83) Importer(2089858483,192608db42251d675da83286b1cce702) (ScriptedImporter)[PhysX] Initialized MultithreadedTaskDispatcher with 8 workers.
 -> (artifact id: '17ac7e46847ba487c7c70200f4598a4e') in 0.0118688 seconds
Number of updated asset objects reloaded before import = 0Number of asset objects unloaded after import = 0

========================================================================
Received Import Request.
  Time since last request: 0.000072 seconds.
  path: Assets/TextMesh Pro/Examples & Extras/Scripts/VertexZoom.cs
  artifactKey: Guid(52ec835d14bd486f900952b77698b7eb) Importer(2089858483,192608db42251d675da83286b1cce702)
Start importing Assets/TextMesh Pro/Examples & Extras/Scripts/VertexZoom.cs using Guid(52ec835d14bd486f900952b77698b7eb) Importer(2089858483,192608db42251d675da83286b1cce702) (ScriptedImporter)[PhysX] Initialized MultithreadedTaskDispatcher with 8 workers.
 -> (artifact id: '83bb74642f8046cd325d88eb35fd4aef') in 0.0113023 seconds
Number of updated asset objects reloaded before import = 0Number of asset objects unloaded after import = 0

========================================================================
Received Import Request.
  Time since last request: 0.000073 seconds.
  path: Assets/TextMesh Pro/Examples & Extras/Scripts/TMP_TextEventHandler.cs
  artifactKey: Guid(1312ae25639a4bae8e25ae223209cc50) Importer(2089858483,192608db42251d675da83286b1cce702)
Start importing Assets/TextMesh Pro/Examples & Extras/Scripts/TMP_TextEventHandler.cs using Guid(1312ae25639a4bae8e25ae223209cc50) Importer(2089858483,192608db42251d675da83286b1cce702) (ScriptedImporter)[PhysX] Initialized MultithreadedTaskDispatcher with 8 workers.
 -> (artifact id: 'de93d537a4d1809636722ebef2e253b5') in 0.0120736 seconds
Number of updated asset objects reloaded before import = 0Number of asset objects unloaded after import = 0

========================================================================
Received Import Request.
  Time since last request: 0.000055 seconds.
  path: Assets/TextMesh Pro/Examples & Extras/Scripts/TextConsoleSimulator.cs
  artifactKey: Guid(43bcd35a1c0c40ccb6d472893fe2093f) Importer(2089858483,192608db42251d675da83286b1cce702)
Start importing Assets/TextMesh Pro/Examples & Extras/Scripts/TextConsoleSimulator.cs using Guid(43bcd35a1c0c40ccb6d472893fe2093f) Importer(2089858483,192608db42251d675da83286b1cce702) (ScriptedImporter)[PhysX] Initialized MultithreadedTaskDispatcher with 8 workers.
 -> (artifact id: '4a482de56c6be12f49cd1281dafe6cd2') in 0.0108384 seconds
Number of updated asset objects reloaded before import = 0Number of asset objects unloaded after import = 0

========================================================================
Received Import Request.
  Time since last request: 0.000121 seconds.
  path: Assets/TextMesh Pro/Examples & Extras/Scripts/TMP_DigitValidator.cs
  artifactKey: Guid(1a7eb92a01ed499a987bde9def05fbce) Importer(2089858483,192608db42251d675da83286b1cce702)
Start importing Assets/TextMesh Pro/Examples & Extras/Scripts/TMP_DigitValidator.cs using Guid(1a7eb92a01ed499a987bde9def05fbce) Importer(2089858483,192608db42251d675da83286b1cce702) (ScriptedImporter)[PhysX] Initialized MultithreadedTaskDispatcher with 8 workers.
 -> (artifact id: '06182738e557f7e9ef4a3069b5cb7a02') in 0.0100392 seconds
Number of updated asset objects reloaded before import = 0Number of asset objects unloaded after import = 0

========================================================================
Received Import Request.
  Time since last request: 0.000120 seconds.
  path: Assets/TextMesh Pro/Examples & Extras/Scripts/ShaderPropAnimator.cs
  artifactKey: Guid(2787a46a4dc848c1b4b7b9307b614bfd) Importer(2089858483,192608db42251d675da83286b1cce702)
Start importing Assets/TextMesh Pro/Examples & Extras/Scripts/ShaderPropAnimator.cs using Guid(2787a46a4dc848c1b4b7b9307b614bfd) Importer(2089858483,192608db42251d675da83286b1cce702) (ScriptedImporter)[PhysX] Initialized MultithreadedTaskDispatcher with 8 workers.
 -> (artifact id: '77cf187d620ed220194627400174a3af') in 0.0102486 seconds
Number of updated asset objects reloaded before import = 0Number of asset objects unloaded after import = 0

========================================================================
Received Import Request.
  Time since last request: 0.000076 seconds.
  path: Assets/TextMesh Pro/Examples & Extras/Scripts/TMP_PhoneNumberValidator.cs
  artifactKey: Guid(83680ab1a69f4102ac67d1459fe76e1f) Importer(2089858483,192608db42251d675da83286b1cce702)
Start importing Assets/TextMesh Pro/Examples & Extras/Scripts/TMP_PhoneNumberValidator.cs using Guid(83680ab1a69f4102ac67d1459fe76e1f) Importer(2089858483,192608db42251d675da83286b1cce702) (ScriptedImporter)[PhysX] Initialized MultithreadedTaskDispatcher with 8 workers.
 -> (artifact id: '6b1fed098d08dbfd2ad2f5f8de6d0af9') in 0.0123539 seconds
Number of updated asset objects reloaded before import = 0Number of asset objects unloaded after import = 0

========================================================================
Received Import Request.
  Time since last request: 0.000122 seconds.
  path: Assets/TextMesh Pro/Examples & Extras/Textures/Small Crate_normal.jpg
  artifactKey: Guid(8878a782f4334ecbbcf683b3ac780966) Importer(2089858483,192608db42251d675da83286b1cce702)
Start importing Assets/TextMesh Pro/Examples & Extras/Textures/Small Crate_normal.jpg using Guid(8878a782f4334ecbbcf683b3ac780966) Importer(2089858483,192608db42251d675da83286b1cce702) (ScriptedImporter)[PhysX] Initialized MultithreadedTaskDispatcher with 8 workers.
 -> (artifact id: '48accc1657bcbffa9ecdbdc3d6f629ad') in 0.0168101 seconds
Number of updated asset objects reloaded before import = 0Number of asset objects unloaded after import = 1

========================================================================
Received Import Request.
  Time since last request: 0.000087 seconds.
  path: Assets/TextMesh Pro/Examples & Extras/Textures/Text Overflow - Linked Text Image 1.png
  artifactKey: Guid(4ccf43d26c4748c792174516f4a8fcef) Importer(2089858483,192608db42251d675da83286b1cce702)
Start importing Assets/TextMesh Pro/Examples & Extras/Textures/Text Overflow - Linked Text Image 1.png using Guid(4ccf43d26c4748c792174516f4a8fcef) Importer(2089858483,192608db42251d675da83286b1cce702) (ScriptedImporter)[PhysX] Initialized MultithreadedTaskDispatcher with 8 workers.
 -> (artifact id: '7c902eabe17f88e4d4da71995d3f8260') in 0.0258304 seconds
Number of updated asset objects reloaded before import = 0Number of asset objects unloaded after import = 1

========================================================================
Received Import Request.
  Time since last request: 0.000080 seconds.
  path: Assets/TextMesh Pro/Examples & Extras/Scripts/Benchmark04.cs
  artifactKey: Guid(dc20866c0d5e413ab7559440e15333ae) Importer(2089858483,192608db42251d675da83286b1cce702)
Start importing Assets/TextMesh Pro/Examples & Extras/Scripts/Benchmark04.cs using Guid(dc20866c0d5e413ab7559440e15333ae) Importer(2089858483,192608db42251d675da83286b1cce702) (ScriptedImporter)[PhysX] Initialized MultithreadedTaskDispatcher with 8 workers.
 -> (artifact id: '7ce283da4e271cf69cf49b35a78173f4') in 0.0105056 seconds
Number of updated asset objects reloaded before import = 0Number of asset objects unloaded after import = 0

========================================================================
Received Import Request.
  Time since last request: 0.000056 seconds.
  path: Assets/TextMesh Pro/Examples & Extras/Textures/Brushed Metal 3.jpg
  artifactKey: Guid(f88677df267a41d6be1e7a6133e7d227) Importer(2089858483,192608db42251d675da83286b1cce702)
Start importing Assets/TextMesh Pro/Examples & Extras/Textures/Brushed Metal 3.jpg using Guid(f88677df267a41d6be1e7a6133e7d227) Importer(2089858483,192608db42251d675da83286b1cce702) (ScriptedImporter)[PhysX] Initialized MultithreadedTaskDispatcher with 8 workers.
 -> (artifact id: 'c27bbc322d0582b6e646adc7caaf051d') in 0.0225706 seconds
Number of updated asset objects reloaded before import = 0Number of asset objects unloaded after import = 1

========================================================================
Received Import Request.
  Time since last request: 0.000017 seconds.
  path: Assets/Scripts/render.cs
  artifactKey: Guid(fd345c1d654a6ae45906b8e16353cd1a) Importer(2089858483,192608db42251d675da83286b1cce702)
Start importing Assets/Scripts/render.cs using Guid(fd345c1d654a6ae45906b8e16353cd1a) Importer(2089858483,192608db42251d675da83286b1cce702) (ScriptedImporter)[PhysX] Initialized MultithreadedTaskDispatcher with 8 workers.
 -> (artifact id: '8d136c38a60ea61a9f5f3d7009765dea') in 0.0100525 seconds
Number of updated asset objects reloaded before import = 0Number of asset objects unloaded after import = 0

========================================================================
Received Import Request.
  Time since last request: 0.000125 seconds.
  path: Assets/Setting1.controller
  artifactKey: Guid(fff7dd27b26fe0b4181ca310994a51f9) Importer(2089858483,192608db42251d675da83286b1cce702)
Start importing Assets/Setting1.controller using Guid(fff7dd27b26fe0b4181ca310994a51f9) Importer(2089858483,192608db42251d675da83286b1cce702) (ScriptedImporter)[PhysX] Initialized MultithreadedTaskDispatcher with 8 workers.
 -> (artifact id: '70600f5eaab978c9aec80594b3a0a23a') in 0.0250778 seconds
Number of updated asset objects reloaded before import = 0Number of asset objects unloaded after import = 17

========================================================================
Received Import Request.
  Time since last request: 0.000023 seconds.
  path: Assets/TextMesh Pro/Examples & Extras/Materials/Crate - Surface Shader Scene.mat
  artifactKey: Guid(e6b9b44320f4448d9d5e0ee634259966) Importer(2089858483,192608db42251d675da83286b1cce702)
Start importing Assets/TextMesh Pro/Examples & Extras/Materials/Crate - Surface Shader Scene.mat using Guid(e6b9b44320f4448d9d5e0ee634259966) Importer(2089858483,192608db42251d675da83286b1cce702) (ScriptedImporter)[PhysX] Initialized MultithreadedTaskDispatcher with 8 workers.
 -> (artifact id: '8826687893185fecbb12010f07882cf3') in 0.0327029 seconds
Number of updated asset objects reloaded before import = 0Number of asset objects unloaded after import = 3

========================================================================
Received Import Request.
  Time since last request: 0.000034 seconds.
  path: Assets/Scenes/SampleScene.unity
  artifactKey: Guid(9fc0d4010bbf28b4594072e72b8655ab) Importer(2089858483,192608db42251d675da83286b1cce702)
Start importing Assets/Scenes/SampleScene.unity using Guid(9fc0d4010bbf28b4594072e72b8655ab) Importer(2089858483,192608db42251d675da83286b1cce702) (ScriptedImporter)[PhysX] Initialized MultithreadedTaskDispatcher with 8 workers.
 -> (artifact id: '9d2357089dd92524e08683e33f68b0db') in 0.0183005 seconds
Number of updated asset objects reloaded before import = 0Number of asset objects unloaded after import = 1

========================================================================
Received Import Request.
  Time since last request: 0.000050 seconds.
  path: Assets/Scripts/ToggleAnimation.cs
  artifactKey: Guid(1aa0a2318c8598b46a99847028d33560) Importer(2089858483,192608db42251d675da83286b1cce702)
Start importing Assets/Scripts/ToggleAnimation.cs using Guid(1aa0a2318c8598b46a99847028d33560) Importer(2089858483,192608db42251d675da83286b1cce702) (ScriptedImporter)[PhysX] Initialized MultithreadedTaskDispatcher with 8 workers.
 -> (artifact id: '27116d1b163a3db511d635cd87a1bb62') in 0.0103083 seconds
Number of updated asset objects reloaded before import = 0Number of asset objects unloaded after import = 0

========================================================================
Received Import Request.
  Time since last request: 0.000069 seconds.
  path: Assets/image/Eye.png
  artifactKey: Guid(d696d660971297144956bab13d37a399) Importer(2089858483,192608db42251d675da83286b1cce702)
Start importing Assets/image/Eye.png using Guid(d696d660971297144956bab13d37a399) Importer(2089858483,192608db42251d675da83286b1cce702) (ScriptedImporter)[PhysX] Initialized MultithreadedTaskDispatcher with 8 workers.
 -> (artifact id: '06625951eb2c3f2c5e11823d3b7a6097') in 0.0237784 seconds
Number of updated asset objects reloaded before import = 0Number of asset objects unloaded after import = 3

========================================================================
Received Import Request.
  Time since last request: 0.000019 seconds.
  path: Assets/Scenes/Physics lab components/Physics lab.unity
  artifactKey: Guid(aaac3fc9393fcf042b43e2c78e17db41) Importer(2089858483,192608db42251d675da83286b1cce702)
Start importing Assets/Scenes/Physics lab components/Physics lab.unity using Guid(aaac3fc9393fcf042b43e2c78e17db41) Importer(2089858483,192608db42251d675da83286b1cce702) (ScriptedImporter)[PhysX] Initialized MultithreadedTaskDispatcher with 8 workers.
 -> (artifact id: '31647fc861258ae7547088a7c3565580') in 0.0211835 seconds
Number of updated asset objects reloaded before import = 0Number of asset objects unloaded after import = 1

========================================================================
Received Import Request.
  Time since last request: 0.000041 seconds.
  path: Assets/TextMesh Pro/Examples & Extras/Scenes/20 - Input Field with Scrollbar.unity
  artifactKey: Guid(337f92480dd24675aae9e79210fb1ad9) Importer(2089858483,192608db42251d675da83286b1cce702)
Start importing Assets/TextMesh Pro/Examples & Extras/Scenes/20 - Input Field with Scrollbar.unity using Guid(337f92480dd24675aae9e79210fb1ad9) Importer(2089858483,192608db42251d675da83286b1cce702) (ScriptedImporter)[PhysX] Initialized MultithreadedTaskDispatcher with 8 workers.
 -> (artifact id: 'eb2e99985113dce49f48b91936c33ada') in 0.0225002 seconds
Number of updated asset objects reloaded before import = 0Number of asset objects unloaded after import = 1

========================================================================
Received Import Request.
  Time since last request: 0.000172 seconds.
  path: Assets/TextMesh Pro/Examples & Extras/Textures/Floor Tiles 1 - diffuse.jpg
  artifactKey: Guid(85ac55597b97403c82fc6601a93cf241) Importer(2089858483,192608db42251d675da83286b1cce702)
Start importing Assets/TextMesh Pro/Examples & Extras/Textures/Floor Tiles 1 - diffuse.jpg using Guid(85ac55597b97403c82fc6601a93cf241) Importer(2089858483,192608db42251d675da83286b1cce702) (ScriptedImporter)[PhysX] Initialized MultithreadedTaskDispatcher with 8 workers.
 -> (artifact id: 'f15da96dd926a0a6fb12373f0bf4ee11') in 0.016333 seconds
Number of updated asset objects reloaded before import = 0Number of asset objects unloaded after import = 1

========================================================================
Received Import Request.
  Time since last request: 0.000072 seconds.
  path: Assets/image/Vector (4).png
  artifactKey: Guid(a22560b90cf13994f8e7182ab02fbc76) Importer(2089858483,192608db42251d675da83286b1cce702)
Start importing Assets/image/Vector (4).png using Guid(a22560b90cf13994f8e7182ab02fbc76) Importer(2089858483,192608db42251d675da83286b1cce702) (ScriptedImporter)[PhysX] Initialized MultithreadedTaskDispatcher with 8 workers.
 -> (artifact id: 'bb654dddfeed85fd982e9d6c2fa92d36') in 0.0253283 seconds
Number of updated asset objects reloaded before import = 0Number of asset objects unloaded after import = 3

========================================================================
Received Import Request.
  Time since last request: 0.000214 seconds.
  path: Assets/TextMesh Pro/Examples & Extras/Resources/Fonts & Materials/Bangers SDF - Drop Shadow - 2 Pass.mat
  artifactKey: Guid(947a44964e53bf0448ff698b2a2219c0) Importer(2089858483,192608db42251d675da83286b1cce702)
Start importing Assets/TextMesh Pro/Examples & Extras/Resources/Fonts & Materials/Bangers SDF - Drop Shadow - 2 Pass.mat using Guid(947a44964e53bf0448ff698b2a2219c0) Importer(2089858483,192608db42251d675da83286b1cce702) (ScriptedImporter)[PhysX] Initialized MultithreadedTaskDispatcher with 8 workers.
 -> (artifact id: 'a445cc497263506518e5c0eea5900f46') in 0.0319298 seconds
Number of updated asset objects reloaded before import = 0Number of asset objects unloaded after import = 2

========================================================================
Received Import Request.
  Time since last request: 0.000015 seconds.
  path: Assets/TextMesh Pro/Examples & Extras/Resources/Fonts & Materials/Unity SDF - HDRP LIT - Outline.mat
  artifactKey: Guid(967f61bb1e3e28645a39e0cb647cc79e) Importer(2089858483,192608db42251d675da83286b1cce702)
Start importing Assets/TextMesh Pro/Examples & Extras/Resources/Fonts & Materials/Unity SDF - HDRP LIT - Outline.mat using Guid(967f61bb1e3e28645a39e0cb647cc79e) Importer(2089858483,192608db42251d675da83286b1cce702) (ScriptedImporter)[PhysX] Initialized MultithreadedTaskDispatcher with 8 workers.
 -> (artifact id: 'eafea78da7bdbbf0d7a529f3406ee18c') in 0.0205418 seconds
Number of updated asset objects reloaded before import = 0Number of asset objects unloaded after import = 1

========================================================================
Received Import Request.
  Time since last request: 0.000050 seconds.
  path: Assets/3D Model/Physics components/01 vernier caliper/screw and vernier material/screw and vernier.mat
  artifactKey: Guid(6c7f102cc8c8c9241bf54778486965b2) Importer(2089858483,192608db42251d675da83286b1cce702)
Start importing Assets/3D Model/Physics components/01 vernier caliper/screw and vernier material/screw and vernier.mat using Guid(6c7f102cc8c8c9241bf54778486965b2) Importer(2089858483,192608db42251d675da83286b1cce702) (ScriptedImporter)[PhysX] Initialized MultithreadedTaskDispatcher with 8 workers.
 -> (artifact id: '19fe48d5a0183347ac87e65dbc9a80bf') in 0.0230945 seconds
Number of updated asset objects reloaded before import = 0Number of asset objects unloaded after import = 1

========================================================================
Received Import Request.
  Time since last request: 0.000050 seconds.
  path: Assets/TextMesh Pro/Examples & Extras/Resources/Fonts & Materials/Electronic Highway Sign SDF.asset
  artifactKey: Guid(dc36b3fdc14f47ebb36fd484a67e268a) Importer(2089858483,192608db42251d675da83286b1cce702)
Start importing Assets/TextMesh Pro/Examples & Extras/Resources/Fonts & Materials/Electronic Highway Sign SDF.asset using Guid(dc36b3fdc14f47ebb36fd484a67e268a) Importer(2089858483,192608db42251d675da83286b1cce702) (ScriptedImporter)[PhysX] Initialized MultithreadedTaskDispatcher with 8 workers.
 -> (artifact id: 'd8bc5a5fa0c4bdc2c99ce65c32b1d074') in 0.0181687 seconds
Number of updated asset objects reloaded before import = 0Number of asset objects unloaded after import = 1

========================================================================
Received Import Request.
  Time since last request: 0.000021 seconds.
  path: Assets/3D Model/Physics components/01 vernier caliper/screw and vernier material/DefaultMaterial_Mixed_AO.png
  artifactKey: Guid(09ef04bcc834dfa47bb40b1087d44718) Importer(2089858483,192608db42251d675da83286b1cce702)
Start importing Assets/3D Model/Physics components/01 vernier caliper/screw and vernier material/DefaultMaterial_Mixed_AO.png using Guid(09ef04bcc834dfa47bb40b1087d44718) Importer(2089858483,192608db42251d675da83286b1cce702) (ScriptedImporter)[PhysX] Initialized MultithreadedTaskDispatcher with 8 workers.
 -> (artifact id: '648331fcad9dc107f58d5166340462a0') in 0.0337831 seconds
Number of updated asset objects reloaded before import = 0Number of asset objects unloaded after import = 1

========================================================================
Received Import Request.
  Time since last request: 0.000093 seconds.
  path: Assets/TextMesh Pro/Examples & Extras/Resources/Fonts & Materials/Anton SDF - Drop Shadow.mat
  artifactKey: Guid(749b9069dc4742c5bfa5c74644049926) Importer(2089858483,192608db42251d675da83286b1cce702)
Start importing Assets/TextMesh Pro/Examples & Extras/Resources/Fonts & Materials/Anton SDF - Drop Shadow.mat using Guid(749b9069dc4742c5bfa5c74644049926) Importer(2089858483,192608db42251d675da83286b1cce702) (ScriptedImporter)[PhysX] Initialized MultithreadedTaskDispatcher with 8 workers.
 -> (artifact id: '30b516b55cde9ce0b4925644ba4c9903') in 0.0320013 seconds
Number of updated asset objects reloaded before import = 0Number of asset objects unloaded after import = 2

========================================================================
Received Import Request.
  Time since last request: 0.000017 seconds.
  path: Assets/TextMesh Pro/Examples & Extras/Resources/Fonts & Materials/Bangers SDF.asset
  artifactKey: Guid(125cb55b44b24c4393181402bc6200e6) Importer(2089858483,192608db42251d675da83286b1cce702)
Start importing Assets/TextMesh Pro/Examples & Extras/Resources/Fonts & Materials/Bangers SDF.asset using Guid(125cb55b44b24c4393181402bc6200e6) Importer(2089858483,192608db42251d675da83286b1cce702) (ScriptedImporter)[PhysX] Initialized MultithreadedTaskDispatcher with 8 workers.
 -> (artifact id: '1b5ab54deac38e3fb2c3c79ca1839832') in 0.0111178 seconds
Number of updated asset objects reloaded before import = 0Number of asset objects unloaded after import = 1

========================================================================
Received Import Request.
  Time since last request: 0.000017 seconds.
  path: Assets/materials/Textures/icons/256x256/arrow_left.png
  artifactKey: Guid(b27869754bb46364e965d4f846854c67) Importer(2089858483,192608db42251d675da83286b1cce702)
Start importing Assets/materials/Textures/icons/256x256/arrow_left.png using Guid(b27869754bb46364e965d4f846854c67) Importer(2089858483,192608db42251d675da83286b1cce702) (ScriptedImporter)[PhysX] Initialized MultithreadedTaskDispatcher with 8 workers.
 -> (artifact id: '275b9f7d204bac224cecf17535cacc60') in 0.025189 seconds
Number of updated asset objects reloaded before import = 0Number of asset objects unloaded after import = 3

========================================================================
Received Import Request.
  Time since last request: 0.000019 seconds.
  path: Assets/TextMesh Pro/Examples & Extras/Resources/Fonts & Materials/Anton SDF.asset
  artifactKey: Guid(8a89fa14b10d46a99122fd4f73fca9a2) Importer(2089858483,192608db42251d675da83286b1cce702)
Start importing Assets/TextMesh Pro/Examples & Extras/Resources/Fonts & Materials/Anton SDF.asset using Guid(8a89fa14b10d46a99122fd4f73fca9a2) Importer(2089858483,192608db42251d675da83286b1cce702) (ScriptedImporter)[PhysX] Initialized MultithreadedTaskDispatcher with 8 workers.
 -> (artifact id: 'ce505286934731ea6b56746942fdbdd3') in 0.0106226 seconds
Number of updated asset objects reloaded before import = 0Number of asset objects unloaded after import = 1

========================================================================
Received Import Request.
  Time since last request: 0.000113 seconds.
  path: Assets/TextMesh Pro/Examples & Extras/Resources/Fonts & Materials/Anton SDF - Outline.mat
  artifactKey: Guid(a00013af81304728b2be1f4309ee2433) Importer(2089858483,192608db42251d675da83286b1cce702)
Start importing Assets/TextMesh Pro/Examples & Extras/Resources/Fonts & Materials/Anton SDF - Outline.mat using Guid(a00013af81304728b2be1f4309ee2433) Importer(2089858483,192608db42251d675da83286b1cce702) (ScriptedImporter)[PhysX] Initialized MultithreadedTaskDispatcher with 8 workers.
 -> (artifact id: '5262b0159f4d11e080360d9b356ce228') in 0.0237852 seconds
Number of updated asset objects reloaded before import = 0Number of asset objects unloaded after import = 2

========================================================================
Received Import Request.
  Time since last request: 0.000051 seconds.
  path: Assets/3D Model/Physics components/04 pendulum exp 04/pendulum material/DefaultMaterial_Metallic.png
  artifactKey: Guid(3693987d9ff35d5449b9ceeaeae81283) Importer(2089858483,192608db42251d675da83286b1cce702)
Start importing Assets/3D Model/Physics components/04 pendulum exp 04/pendulum material/DefaultMaterial_Metallic.png using Guid(3693987d9ff35d5449b9ceeaeae81283) Importer(2089858483,192608db42251d675da83286b1cce702) (ScriptedImporter)[PhysX] Initialized MultithreadedTaskDispatcher with 8 workers.
 -> (artifact id: 'b1a8962ab165d49555dbcc8d42de0800') in 0.0287318 seconds
Number of updated asset objects reloaded before import = 0Number of asset objects unloaded after import = 1

========================================================================
Received Import Request.
  Time since last request: 0.000097 seconds.
  path: Assets/Ciconia Studio/_Shared Files/Scripts/Demo/FreeCamera.cs
  artifactKey: Guid(8380dd9a5ff44ff459b72e0cca9670de) Importer(2089858483,192608db42251d675da83286b1cce702)
Start importing Assets/Ciconia Studio/_Shared Files/Scripts/Demo/FreeCamera.cs using Guid(8380dd9a5ff44ff459b72e0cca9670de) Importer(2089858483,192608db42251d675da83286b1cce702) (ScriptedImporter)[PhysX] Initialized MultithreadedTaskDispatcher with 8 workers.
 -> (artifact id: '7b3074feb3b6c23fa252eb58c9df4f3a') in 0.0104106 seconds
Number of updated asset objects reloaded before import = 0Number of asset objects unloaded after import = 0

========================================================================
Received Import Request.
  Time since last request: 0.000109 seconds.
  path: Assets/TextMesh Pro/Examples & Extras/Resources/Color Gradient Presets/Yellow to Orange - Vertical.asset
  artifactKey: Guid(69a525efa7e6472eab268f6ea605f06e) Importer(2089858483,192608db42251d675da83286b1cce702)
Start importing Assets/TextMesh Pro/Examples & Extras/Resources/Color Gradient Presets/Yellow to Orange - Vertical.asset using Guid(69a525efa7e6472eab268f6ea605f06e) Importer(2089858483,192608db42251d675da83286b1cce702) (ScriptedImporter)[PhysX] Initialized MultithreadedTaskDispatcher with 8 workers.
 -> (artifact id: '464f969d2330b93a07e42e42b3b17d0a') in 0.0180161 seconds
Number of updated asset objects reloaded before import = 0Number of asset objects unloaded after import = 1

========================================================================
Received Import Request.
  Time since last request: 0.000043 seconds.
  path: Assets/TextMesh Pro/Examples & Extras/Resources/Fonts & Materials/Roboto-Bold SDF - Drop Shadow.mat
  artifactKey: Guid(b246c4190f4e46ec9352fe15a7b09ce0) Importer(2089858483,192608db42251d675da83286b1cce702)
Start importing Assets/TextMesh Pro/Examples & Extras/Resources/Fonts & Materials/Roboto-Bold SDF - Drop Shadow.mat using Guid(b246c4190f4e46ec9352fe15a7b09ce0) Importer(2089858483,192608db42251d675da83286b1cce702) (ScriptedImporter)[PhysX] Initialized MultithreadedTaskDispatcher with 8 workers.
 -> (artifact id: 'e93d7cd02efa69734a124357d92642b4') in 0.0214057 seconds
Number of updated asset objects reloaded before import = 0Number of asset objects unloaded after import = 2

========================================================================
Received Import Request.
  Time since last request: 0.000018 seconds.
  path: Assets/TextMesh Pro/Examples & Extras/Resources/Color Gradient Presets/Blue to Purple - Vertical.asset
  artifactKey: Guid(479a66fa4b094512a62b0a8e553ad95a) Importer(2089858483,192608db42251d675da83286b1cce702)
Start importing Assets/TextMesh Pro/Examples & Extras/Resources/Color Gradient Presets/Blue to Purple - Vertical.asset using Guid(479a66fa4b094512a62b0a8e553ad95a) Importer(2089858483,192608db42251d675da83286b1cce702) (ScriptedImporter)[PhysX] Initialized MultithreadedTaskDispatcher with 8 workers.
 -> (artifact id: '799e6fe362021e8e93533a4372e70fda') in 0.0180297 seconds
Number of updated asset objects reloaded before import = 0Number of asset objects unloaded after import = 1

========================================================================
Received Import Request.
  Time since last request: 0.000078 seconds.
  path: Assets/3D Model/Physics components/01 vernier caliper/screw and vernier material/DefaultMaterial_Height.png
  artifactKey: Guid(b97ed27db9597994bbda5eed443ef1be) Importer(2089858483,192608db42251d675da83286b1cce702)
Start importing Assets/3D Model/Physics components/01 vernier caliper/screw and vernier material/DefaultMaterial_Height.png using Guid(b97ed27db9597994bbda5eed443ef1be) Importer(2089858483,192608db42251d675da83286b1cce702) (ScriptedImporter)[PhysX] Initialized MultithreadedTaskDispatcher with 8 workers.
 -> (artifact id: '3be88af54621c153292da947c7e38a3f') in 0.0303949 seconds
Number of updated asset objects reloaded before import = 0Number of asset objects unloaded after import = 1

========================================================================
Received Import Request.
  Time since last request: 0.000065 seconds.
  path: Assets/TextMesh Pro/Examples & Extras/Resources/Fonts & Materials/Bangers SDF - Drop Shadow.mat
  artifactKey: Guid(f2dcf029949142e28b974630369c8b4e) Importer(2089858483,192608db42251d675da83286b1cce702)
Start importing Assets/TextMesh Pro/Examples & Extras/Resources/Fonts & Materials/Bangers SDF - Drop Shadow.mat using Guid(f2dcf029949142e28b974630369c8b4e) Importer(2089858483,192608db42251d675da83286b1cce702) (ScriptedImporter)[PhysX] Initialized MultithreadedTaskDispatcher with 8 workers.
 -> (artifact id: '7e6031c70e3313c912d3808473c028a9') in 0.0197804 seconds
Number of updated asset objects reloaded before import = 0Number of asset objects unloaded after import = 2

========================================================================
Received Import Request.
  Time since last request: 0.000017 seconds.
  path: Assets/TextMesh Pro/Examples & Extras/Resources/Fonts & Materials/LiberationSans SDF - Metalic Green.mat
  artifactKey: Guid(8b29aaa3eec7468097ff07adfcf29ac9) Importer(2089858483,192608db42251d675da83286b1cce702)
Start importing Assets/TextMesh Pro/Examples & Extras/Resources/Fonts & Materials/LiberationSans SDF - Metalic Green.mat using Guid(8b29aaa3eec7468097ff07adfcf29ac9) Importer(2089858483,192608db42251d675da83286b1cce702) (ScriptedImporter)[PhysX] Initialized MultithreadedTaskDispatcher with 8 workers.
 -> (artifact id: '9ca006f1ff7b86ee134d2d15a2970dc3') in 0.0336081 seconds
Number of updated asset objects reloaded before import = 0Number of asset objects unloaded after import = 4

========================================================================
Received Import Request.
  Time since last request: 0.000019 seconds.
  path: Assets/3D Model/Physics components/01 vernier caliper/screw and vernier material/DefaultMaterial_Base_color.png
  artifactKey: Guid(2f7daac5ff38ae74797aeb0b503e285a) Importer(2089858483,192608db42251d675da83286b1cce702)
Start importing Assets/3D Model/Physics components/01 vernier caliper/screw and vernier material/DefaultMaterial_Base_color.png using Guid(2f7daac5ff38ae74797aeb0b503e285a) Importer(2089858483,192608db42251d675da83286b1cce702) (ScriptedImporter)[PhysX] Initialized MultithreadedTaskDispatcher with 8 workers.
 -> (artifact id: 'c1a2633303b3d10962df72e79bc3541c') in 0.0260813 seconds
Number of updated asset objects reloaded before import = 0Number of asset objects unloaded after import = 1

========================================================================
Received Import Request.
  Time since last request: 0.000062 seconds.
  path: Assets/TextMesh Pro/Examples & Extras/Resources/Color Gradient Presets/Dark to Light Green - Vertical.asset
  artifactKey: Guid(4c86a3366cd840348ebe8dc438570ee4) Importer(2089858483,192608db42251d675da83286b1cce702)
Start importing Assets/TextMesh Pro/Examples & Extras/Resources/Color Gradient Presets/Dark to Light Green - Vertical.asset using Guid(4c86a3366cd840348ebe8dc438570ee4) Importer(2089858483,192608db42251d675da83286b1cce702) (ScriptedImporter)[PhysX] Initialized MultithreadedTaskDispatcher with 8 workers.
 -> (artifact id: '7ae01eda013561d9bdad9de52fdf47ee') in 0.0189171 seconds
Number of updated asset objects reloaded before import = 0Number of asset objects unloaded after import = 1

========================================================================
Received Import Request.
  Time since last request: 0.000055 seconds.
  path: Assets/Scripts/BUTTONANIMATIONScript1.cs
  artifactKey: Guid(8c0946f02f34c8f4fb060dd1dffa6e85) Importer(2089858483,192608db42251d675da83286b1cce702)
Start importing Assets/Scripts/BUTTONANIMATIONScript1.cs using Guid(8c0946f02f34c8f4fb060dd1dffa6e85) Importer(2089858483,192608db42251d675da83286b1cce702) (ScriptedImporter)[PhysX] Initialized MultithreadedTaskDispatcher with 8 workers.
 -> (artifact id: 'cd879867df57964e07cb2f5665bbdba0') in 0.0103049 seconds
Number of updated asset objects reloaded before import = 0Number of asset objects unloaded after import = 0

========================================================================
Received Import Request.
  Time since last request: 0.000077 seconds.
  path: Assets/TextMesh Pro/Shaders/TMP_SDF-HDRP LIT.shadergraph
  artifactKey: Guid(ca2ed216f98028c4dae6c5224a952b3c) Importer(2089858483,192608db42251d675da83286b1cce702)
Start importing Assets/TextMesh Pro/Shaders/TMP_SDF-HDRP LIT.shadergraph using Guid(ca2ed216f98028c4dae6c5224a952b3c) Importer(2089858483,192608db42251d675da83286b1cce702) (ScriptedImporter)[PhysX] Initialized MultithreadedTaskDispatcher with 8 workers.
 -> (artifact id: '4004547693c48c6fd494e8f8caeb987b') in 0.0115073 seconds
Number of updated asset objects reloaded before import = 0Number of asset objects unloaded after import = 1

========================================================================
Received Import Request.
  Time since last request: 0.000044 seconds.
  path: Assets/TextMesh Pro/Examples & Extras/Scenes/22 - Basic Scripting Example.unity
  artifactKey: Guid(6250f98e58fe4abbaada5d84b7ca846d) Importer(2089858483,192608db42251d675da83286b1cce702)
Start importing Assets/TextMesh Pro/Examples & Extras/Scenes/22 - Basic Scripting Example.unity using Guid(6250f98e58fe4abbaada5d84b7ca846d) Importer(2089858483,192608db42251d675da83286b1cce702) (ScriptedImporter)[PhysX] Initialized MultithreadedTaskDispatcher with 8 workers.
 -> (artifact id: '8257baf5da63596779a78e9bb1c2fb18') in 0.0180596 seconds
Number of updated asset objects reloaded before import = 0Number of asset objects unloaded after import = 1

========================================================================
Received Import Request.
  Time since last request: 0.000018 seconds.
  path: Assets/TextMesh Pro/Examples & Extras/Scenes/07 - Superscript & Subscript Example.unity
  artifactKey: Guid(03ec435d4b7140e9b2d87f79136d8374) Importer(2089858483,192608db42251d675da83286b1cce702)
Start importing Assets/TextMesh Pro/Examples & Extras/Scenes/07 - Superscript & Subscript Example.unity using Guid(03ec435d4b7140e9b2d87f79136d8374) Importer(2089858483,192608db42251d675da83286b1cce702) (ScriptedImporter)[PhysX] Initialized MultithreadedTaskDispatcher with 8 workers.
 -> (artifact id: 'c5fd551d8049bd11b2a1df8c31adf03b') in 0.0211578 seconds
Number of updated asset objects reloaded before import = 0Number of asset objects unloaded after import = 1

========================================================================
Received Import Request.
  Time since last request: 0.000764 seconds.
  path: Assets/image/image (2).png
  artifactKey: Guid(28e3161d57465494ca7932b04c966517) Importer(2089858483,192608db42251d675da83286b1cce702)
Start importing Assets/image/image (2).png using Guid(28e3161d57465494ca7932b04c966517) Importer(2089858483,192608db42251d675da83286b1cce702) (ScriptedImporter)[PhysX] Initialized MultithreadedTaskDispatcher with 8 workers.
 -> (artifact id: '79c69852e440851b8238842b5e3370f9') in 0.0269215 seconds
Number of updated asset objects reloaded before import = 0Number of asset objects unloaded after import = 3

========================================================================
Received Import Request.
  Time since last request: 0.000028 seconds.
  path: Assets/TextMesh Pro/Examples & Extras/Resources/Fonts & Materials/Bangers SDF Glow.mat
  artifactKey: Guid(d75b8f41e959450c84ac6e967084d3e1) Importer(2089858483,192608db42251d675da83286b1cce702)
Start importing Assets/TextMesh Pro/Examples & Extras/Resources/Fonts & Materials/Bangers SDF Glow.mat using Guid(d75b8f41e959450c84ac6e967084d3e1) Importer(2089858483,192608db42251d675da83286b1cce702) (ScriptedImporter)[PhysX] Initialized MultithreadedTaskDispatcher with 8 workers.
 -> (artifact id: 'dfa87b6259ddfee073a3a68608ce1e99') in 0.0243357 seconds
Number of updated asset objects reloaded before import = 0Number of asset objects unloaded after import = 3

========================================================================
Received Import Request.
  Time since last request: 0.000025 seconds.
  path: Assets/TextMesh Pro/Examples & Extras/Fonts/Unity - OFL.txt
  artifactKey: Guid(0251f66ebc602a944b35bccd13be2738) Importer(2089858483,192608db42251d675da83286b1cce702)
Start importing Assets/TextMesh Pro/Examples & Extras/Fonts/Unity - OFL.txt using Guid(0251f66ebc602a944b35bccd13be2738) Importer(2089858483,192608db42251d675da83286b1cce702) (ScriptedImporter)[PhysX] Initialized MultithreadedTaskDispatcher with 8 workers.
 -> (artifact id: '8fe4ae8c25c2d0e20ce6fe0bc00ba5a2') in 0.0177212 seconds
Number of updated asset objects reloaded before import = 0Number of asset objects unloaded after import = 1

========================================================================
Received Import Request.
  Time since last request: 0.000041 seconds.
  path: Assets/TextMesh Pro/Examples & Extras/Prefabs/TextMeshPro - Prefab 2.prefab
  artifactKey: Guid(fdad9d952ae84cafb74c63f2e694d042) Importer(2089858483,192608db42251d675da83286b1cce702)
Start importing Assets/TextMesh Pro/Examples & Extras/Prefabs/TextMeshPro - Prefab 2.prefab using Guid(fdad9d952ae84cafb74c63f2e694d042) Importer(2089858483,192608db42251d675da83286b1cce702) (ScriptedImporter)[PhysX] Initialized MultithreadedTaskDispatcher with 8 workers.
 -> (artifact id: '74bc3994a682472ceab900a4a7cf71d8') in 0.0289502 seconds
Number of updated asset objects reloaded before import = 0Number of asset objects unloaded after import = 8

========================================================================
Received Import Request.
  Time since last request: 0.000022 seconds.
  path: Assets/TextMesh Pro/Shaders/TMP_Sprite.shader
  artifactKey: Guid(cf81c85f95fe47e1a27f6ae460cf182c) Importer(2089858483,192608db42251d675da83286b1cce702)
Start importing Assets/TextMesh Pro/Shaders/TMP_Sprite.shader using Guid(cf81c85f95fe47e1a27f6ae460cf182c) Importer(2089858483,192608db42251d675da83286b1cce702) (ScriptedImporter)[PhysX] Initialized MultithreadedTaskDispatcher with 8 workers.
 -> (artifact id: 'cbd1f93237b990c3b57a4463af380c14') in 0.0187631 seconds
Number of updated asset objects reloaded before import = 0Number of asset objects unloaded after import = 1

========================================================================
Received Import Request.
  Time since last request: 0.000103 seconds.
  path: Assets/TextMesh Pro/Examples & Extras/Scripts/TextMeshProFloatingText.cs
  artifactKey: Guid(a4d4c76e63944cba8c7d00f56334b98c) Importer(2089858483,192608db42251d675da83286b1cce702)
Start importing Assets/TextMesh Pro/Examples & Extras/Scripts/TextMeshProFloatingText.cs using Guid(a4d4c76e63944cba8c7d00f56334b98c) Importer(2089858483,192608db42251d675da83286b1cce702) (ScriptedImporter)[PhysX] Initialized MultithreadedTaskDispatcher with 8 workers.
 -> (artifact id: '27ea137287e4e81f41265a8b49cc3245') in 0.0110031 seconds
Number of updated asset objects reloaded before import = 0Number of asset objects unloaded after import = 0

========================================================================
Received Import Request.
  Time since last request: 0.000119 seconds.
  path: Assets/Scripts/toggle.cs
  artifactKey: Guid(ba85685e7c1f89c408bf77e9d09ac90c) Importer(2089858483,192608db42251d675da83286b1cce702)
Start importing Assets/Scripts/toggle.cs using Guid(ba85685e7c1f89c408bf77e9d09ac90c) Importer(2089858483,192608db42251d675da83286b1cce702) (ScriptedImporter)[PhysX] Initialized MultithreadedTaskDispatcher with 8 workers.
 -> (artifact id: '14eadce21d192442feebabc762fde164') in 0.0103499 seconds
Number of updated asset objects reloaded before import = 0Number of asset objects unloaded after import = 0

========================================================================
Received Import Request.
  Time since last request: 0.000107 seconds.
  path: Assets/Ciconia Studio/_Shared Files/Scripts/Demo/SuperCamera.cs
  artifactKey: Guid(dec7eeaee8ae52f409f0518a94bad221) Importer(2089858483,192608db42251d675da83286b1cce702)
Start importing Assets/Ciconia Studio/_Shared Files/Scripts/Demo/SuperCamera.cs using Guid(dec7eeaee8ae52f409f0518a94bad221) Importer(2089858483,192608db42251d675da83286b1cce702) (ScriptedImporter)[PhysX] Initialized MultithreadedTaskDispatcher with 8 workers.
 -> (artifact id: '99a949d0a936d9f58c8b6be94a0c6adb') in 0.0103399 seconds
Number of updated asset objects reloaded before import = 0Number of asset objects unloaded after import = 0

========================================================================
Received Import Request.
  Time since last request: 0.000102 seconds.
  path: Assets/Prefeb/Model functions manager.prefab
  artifactKey: Guid(618b1a5a179ad4240b4ee72c6a4f668b) Importer(2089858483,192608db42251d675da83286b1cce702)
Start importing Assets/Prefeb/Model functions manager.prefab using Guid(618b1a5a179ad4240b4ee72c6a4f668b) Importer(2089858483,192608db42251d675da83286b1cce702) (ScriptedImporter)[PhysX] Initialized MultithreadedTaskDispatcher with 8 workers.
 -> (artifact id: 'dbffbf05bf19eb46bd1774c08dc45334') in 0.0264581 seconds
Number of updated asset objects reloaded before import = 0Number of asset objects unloaded after import = 5

========================================================================
Received Import Request.
  Time since last request: 0.000019 seconds.
  path: Assets/Scripts/switchskeleton.cs
  artifactKey: Guid(d390fa96d355c1c43b678de638af26a3) Importer(2089858483,192608db42251d675da83286b1cce702)
Start importing Assets/Scripts/switchskeleton.cs using Guid(d390fa96d355c1c43b678de638af26a3) Importer(2089858483,192608db42251d675da83286b1cce702) (ScriptedImporter)[PhysX] Initialized MultithreadedTaskDispatcher with 8 workers.
 -> (artifact id: '63a625e78307fdc23fda6f3a0d1ff009') in 0.0108193 seconds
Number of updated asset objects reloaded before import = 0Number of asset objects unloaded after import = 0

========================================================================
Received Import Request.
  Time since last request: 0.000099 seconds.
  path: Assets/TextMesh Pro/Examples & Extras/Resources/Fonts & Materials/Anton SDF - Sunny Days.mat
  artifactKey: Guid(6522f30e342599e4e9dd4cc2cc03c830) Importer(2089858483,192608db42251d675da83286b1cce702)
Start importing Assets/TextMesh Pro/Examples & Extras/Resources/Fonts & Materials/Anton SDF - Sunny Days.mat using Guid(6522f30e342599e4e9dd4cc2cc03c830) Importer(2089858483,192608db42251d675da83286b1cce702) (ScriptedImporter)[PhysX] Initialized MultithreadedTaskDispatcher with 8 workers.
 -> (artifact id: '71917de00c837b2212c01fc34f32a810') in 0.0215215 seconds
Number of updated asset objects reloaded before import = 0Number of asset objects unloaded after import = 4

========================================================================
Received Import Request.
  Time since last request: 0.000015 seconds.
  path: Assets/TextMesh Pro/Fonts/LiberationSans.ttf
  artifactKey: Guid(e3265ab4bf004d28a9537516768c1c75) Importer(2089858483,192608db42251d675da83286b1cce702)
Start importing Assets/TextMesh Pro/Fonts/LiberationSans.ttf using Guid(e3265ab4bf004d28a9537516768c1c75) Importer(2089858483,192608db42251d675da83286b1cce702) (ScriptedImporter)[PhysX] Initialized MultithreadedTaskDispatcher with 8 workers.
 -> (artifact id: 'f0d089c6977274a88e80ecd0b6c99597') in 0.0226057 seconds
Number of updated asset objects reloaded before import = 0Number of asset objects unloaded after import = 3

========================================================================
Received Import Request.
  Time since last request: 0.000020 seconds.
  path: Assets/GradientSkybox/Editor/GradientObject.cs
  artifactKey: Guid(ecc82c4a6883629448947ff714bb4a24) Importer(2089858483,192608db42251d675da83286b1cce702)
Start importing Assets/GradientSkybox/Editor/GradientObject.cs using Guid(ecc82c4a6883629448947ff714bb4a24) Importer(2089858483,192608db42251d675da83286b1cce702) (ScriptedImporter)[PhysX] Initialized MultithreadedTaskDispatcher with 8 workers.
 -> (artifact id: 'fdb7b018e4f40c3f0d24a5ec64d7cd59') in 0.0145025 seconds
Number of updated asset objects reloaded before import = 0Number of asset objects unloaded after import = 0

========================================================================
Received Import Request.
  Time since last request: 0.000101 seconds.
  path: Assets/TextMesh Pro/Examples & Extras/Scripts/CameraController.cs
  artifactKey: Guid(2d687537154440a3913a9a3c7977978c) Importer(2089858483,192608db42251d675da83286b1cce702)
Start importing Assets/TextMesh Pro/Examples & Extras/Scripts/CameraController.cs using Guid(2d687537154440a3913a9a3c7977978c) Importer(2089858483,192608db42251d675da83286b1cce702) (ScriptedImporter)[PhysX] Initialized MultithreadedTaskDispatcher with 8 workers.
 -> (artifact id: '1dfb9d556dc1aef192e30fa654e506c7') in 0.0112203 seconds
Number of updated asset objects reloaded before import = 0Number of asset objects unloaded after import = 0

========================================================================
Received Import Request.
  Time since last request: 0.000124 seconds.
  path: Assets/Scripts/ModelController.cs
  artifactKey: Guid(bd561393e84d33c49b7fb2036144945e) Importer(2089858483,192608db42251d675da83286b1cce702)
Start importing Assets/Scripts/ModelController.cs using Guid(bd561393e84d33c49b7fb2036144945e) Importer(2089858483,192608db42251d675da83286b1cce702) (ScriptedImporter)[PhysX] Initialized MultithreadedTaskDispatcher with 8 workers.
 -> (artifact id: 'a170cf91d5ca39ecaf46d43bfbc66d10') in 0.0104285 seconds
Number of updated asset objects reloaded before import = 0Number of asset objects unloaded after import = 0

========================================================================
Received Import Request.
  Time since last request: 0.000093 seconds.
  path: Assets/Scripts/Animatee.cs
  artifactKey: Guid(9961da9dabda3a8468928b28e54f9145) Importer(2089858483,192608db42251d675da83286b1cce702)
Start importing Assets/Scripts/Animatee.cs using Guid(9961da9dabda3a8468928b28e54f9145) Importer(2089858483,192608db42251d675da83286b1cce702) (ScriptedImporter)[PhysX] Initialized MultithreadedTaskDispatcher with 8 workers.
 -> (artifact id: '2e3634a626f22472a55f4c64dc2912db') in 0.0099885 seconds
Number of updated asset objects reloaded before import = 0Number of asset objects unloaded after import = 0

========================================================================
Received Prepare
Refreshing native plugins compatible for Editor in 1.69 ms, found 0 plugins.
Preloading 0 native plugins for Editor in 0.00 ms.
Unloading 2 Unused Serialized files (Serialized files now loaded: 0)
Unloading 489 unused Assets / (134.7 KB). Loaded Objects now: 1114.
Memory consumption went from 98.6 MB to 98.5 MB.
Total: 6.787300 ms (FindLiveObjects: 0.174100 ms CreateObjectMapping: 0.068800 ms MarkObjects: 6.268500 ms  DeleteObjects: 0.273400 ms)

Prepare: number of updated asset objects reloaded= 0
========================================================================
Received Prepare
Refreshing native plugins compatible for Editor in 1.00 ms, found 0 plugins.
Preloading 0 native plugins for Editor in 0.00 ms.
Unloading 2 Unused Serialized files (Serialized files now loaded: 0)
Unloading 1044 unused Assets / (297.3 KB). Loaded Objects now: 1669.
Memory consumption went from 100.9 MB to 100.6 MB.
Total: 6.304600 ms (FindLiveObjects: 0.217900 ms CreateObjectMapping: 0.049900 ms MarkObjects: 5.628300 ms  DeleteObjects: 0.407200 ms)

Prepare: number of updated asset objects reloaded= 0
========================================================================
Received Prepare
Begin MonoManager ReloadAssembly
- Loaded All Assemblies, in  0.640 seconds
Refreshing native plugins compatible for Editor in 1.24 ms, found 0 plugins.
Assertion failed on expression: 'pred(*previous, *i)'
Assertion failed on expression: 'pred(*previous, *i)'
Assertion failed on expression: 'pred(*previous, *i)'
Assertion failed on expression: 'pred(*previous, *i)'
Assertion failed on expression: 'pred(*previous, *i)'
Assertion failed on expression: 'pred(*previous, *i)'
Assertion failed on expression: 'pred(*previous, *i)'
Assertion failed on expression: 'pred(*previous, *i)'
Assertion failed on expression: 'pred(*previous, *i)'
Assertion failed on expression: 'pred(*previous, *i)'
Assertion failed on expression: 'pred(*previous, *i)'
Assertion failed on expression: 'pred(*previous, *i)'
Assertion failed on expression: 'pred(*previous, *i)'
Assertion failed on expression: 'pred(*previous, *i)'
Assertion failed on expression: 'pred(*previous, *i)'
Assertion failed on expression: 'pred(*previous, *i)'
Assertion failed on expression: 'pred(*previous, *i)'
Assertion failed on expression: 'pred(*previous, *i)'
Assertion failed on expression: 'pred(*previous, *i)'
Assertion failed on expression: 'pred(*previous, *i)'
Assertion failed on expression: 'pred(*previous, *i)'
Assertion failed on expression: 'pred(*previous, *i)'
Assertion failed on expression: 'pred(*previous, *i)'
Assertion failed on expression: 'pred(*previous, *i)'
Assertion failed on expression: 'pred(*previous, *i)'
Assertion failed on expression: 'pred(*previous, *i)'
Assertion failed on expression: 'pred(*previous, *i)'
Assertion failed on expression: 'pred(*previous, *i)'
Assertion failed on expression: 'pred(*previous, *i)'
Assertion failed on expression: 'pred(*previous, *i)'
Assertion failed on expression: 'pred(*previous, *i)'
Assertion failed on expression: 'pred(*previous, *i)'
Assertion failed on expression: 'pred(*previous, *i)'
Assertion failed on expression: 'pred(*previous, *i)'
Assertion failed on expression: 'pred(*previous, *i)'
Assertion failed on expression: 'pred(*previous, *i)'
Assertion failed on expression: 'pred(*previous, *i)'
Assertion failed on expression: 'pred(*previous, *i)'
Assertion failed on expression: 'pred(*previous, *i)'
Assertion failed on expression: 'pred(*previous, *i)'
Assertion failed on expression: 'pred(*previous, *i)'
Assertion failed on expression: 'pred(*previous, *i)'
Assertion failed on expression: 'pred(*previous, *i)'
Assertion failed on expression: 'pred(*previous, *i)'
Assertion failed on expression: 'pred(*previous, *i)'
Assertion failed on expression: 'pred(*previous, *i)'
Assertion failed on expression: 'pred(*previous, *i)'
Assertion failed on expression: 'pred(*previous, *i)'
Assertion failed on expression: 'pred(*previous, *i)'
Assertion failed on expression: 'pred(*previous, *i)'
Assertion failed on expression: 'pred(*previous, *i)'
Assertion failed on expression: 'pred(*previous, *i)'
Assertion failed on expression: 'pred(*previous, *i)'
Assertion failed on expression: 'pred(*previous, *i)'
Assertion failed on expression: 'pred(*previous, *i)'
Assertion failed on expression: 'pred(*previous, *i)'
Assertion failed on expression: 'pred(*previous, *i)'
Assertion failed on expression: 'pred(*previous, *i)'
Assertion failed on expression: 'pred(*previous, *i)'
Assertion failed on expression: 'pred(*previous, *i)'
Assertion failed on expression: 'pred(*previous, *i)'
Assertion failed on expression: 'pred(*previous, *i)'
Assertion failed on expression: 'pred(*previous, *i)'
Assertion failed on expression: 'pred(*previous, *i)'
Assertion failed on expression: 'pred(*previous, *i)'
Assertion failed on expression: 'pred(*previous, *i)'
Assertion failed on expression: 'pred(*previous, *i)'
Assertion failed on expression: 'pred(*previous, *i)'
Assertion failed on expression: 'pred(*previous, *i)'
Assertion failed on expression: 'pred(*previous, *i)'
Assertion failed on expression: 'pred(*previous, *i)'
Assertion failed on expression: 'pred(*previous, *i)'
Assertion failed on expression: 'pred(*previous, *i)'
Assertion failed on expression: 'pred(*previous, *i)'
Assertion failed on expression: 'pred(*previous, *i)'
Assertion failed on expression: 'pred(*previous, *i)'
Assertion failed on expression: 'pred(*previous, *i)'
Assertion failed on expression: 'pred(*previous, *i)'
Assertion failed on expression: 'pred(*previous, *i)'
Assertion failed on expression: 'pred(*previous, *i)'
Assertion failed on expression: 'pred(*previous, *i)'
Assertion failed on expression: 'pred(*previous, *i)'
Assertion failed on expression: 'pred(*previous, *i)'
Assertion failed on expression: 'pred(*previous, *i)'
Assertion failed on expression: 'pred(*previous, *i)'
Assertion failed on expression: 'pred(*previous, *i)'
Assertion failed on expression: 'pred(*previous, *i)'
Assertion failed on expression: 'pred(*previous, *i)'
Assertion failed on expression: 'pred(*previous, *i)'
Assertion failed on expression: 'pred(*previous, *i)'
Assertion failed on expression: 'pred(*previous, *i)'
Assertion failed on expression: 'pred(*previous, *i)'
Assertion failed on expression: 'pred(*previous, *i)'
Assertion failed on expression: 'pred(*previous, *i)'
Assertion failed on expression: 'pred(*previous, *i)'
Assertion failed on expression: 'pred(*previous, *i)'
Assertion failed on expression: 'pred(*previous, *i)'
Assertion failed on expression: 'pred(*previous, *i)'
Assertion failed on expression: 'pred(*previous, *i)'
Assertion failed on expression: 'pred(*previous, *i)'
Assertion failed on expression: 'pred(*previous, *i)'
Assertion failed on expression: 'pred(*previous, *i)'
Assertion failed on expression: 'pred(*previous, *i)'
Assertion failed on expression: 'pred(*previous, *i)'
Assertion failed on expression: 'pred(*previous, *i)'
Assertion failed on expression: 'pred(*previous, *i)'
Assertion failed on expression: 'pred(*previous, *i)'
Assertion failed on expression: 'pred(*previous, *i)'
Assertion failed on expression: 'pred(*previous, *i)'
Assertion failed on expression: 'pred(*previous, *i)'
Assertion failed on expression: 'pred(*previous, *i)'
Assertion failed on expression: 'pred(*previous, *i)'
Assertion failed on expression: 'pred(*previous, *i)'
Assertion failed on expression: 'pred(*previous, *i)'
Assertion failed on expression: 'pred(*previous, *i)'
Assertion failed on expression: 'pred(*previous, *i)'
Assertion failed on expression: 'pred(*previous, *i)'
Assertion failed on expression: 'pred(*previous, *i)'
Assertion failed on expression: 'pred(*previous, *i)'
Assertion failed on expression: 'pred(*previous, *i)'
Assertion failed on expression: 'pred(*previous, *i)'
Assertion failed on expression: 'pred(*previous, *i)'
Assertion failed on expression: 'pred(*previous, *i)'
Assertion failed on expression: 'pred(*previous, *i)'
Assertion failed on expression: 'pred(*previous, *i)'
Assertion failed on expression: 'pred(*previous, *i)'
Assertion failed on expression: 'pred(*previous, *i)'
Assertion failed on expression: 'pred(*previous, *i)'
Assertion failed on expression: 'pred(*previous, *i)'
Assertion failed on expression: 'pred(*previous, *i)'
Assertion failed on expression: 'pred(*previous, *i)'
Assertion failed on expression: 'pred(*previous, *i)'
Assertion failed on expression: 'pred(*previous, *i)'
Assertion failed on expression: 'pred(*previous, *i)'
Assertion failed on expression: 'pred(*previous, *i)'
Assertion failed on expression: 'pred(*previous, *i)'
Assertion failed on expression: 'pred(*previous, *i)'
Assertion failed on expression: 'pred(*previous, *i)'
Assertion failed on expression: 'pred(*previous, *i)'
Assertion failed on expression: 'pred(*previous, *i)'
Assertion failed on expression: 'pred(*previous, *i)'
Assertion failed on expression: 'pred(*previous, *i)'
Assertion failed on expression: 'pred(*previous, *i)'
Assertion failed on expression: 'pred(*previous, *i)'
Assertion failed on expression: 'pred(*previous, *i)'
Assertion failed on expression: 'pred(*previous, *i)'
Assertion failed on expression: 'pred(*previous, *i)'
Assertion failed on expression: 'pred(*previous, *i)'
Assertion failed on expression: 'pred(*previous, *i)'
Assertion failed on expression: 'pred(*previous, *i)'
Assertion failed on expression: 'pred(*previous, *i)'
Assertion failed on expression: 'pred(*previous, *i)'
Assertion failed on expression: 'pred(*previous, *i)'
Assertion failed on expression: 'pred(*previous, *i)'
Assertion failed on expression: 'pred(*previous, *i)'
Assertion failed on expression: 'pred(*previous, *i)'
Assertion failed on expression: 'pred(*previous, *i)'
Assertion failed on expression: 'pred(*previous, *i)'
Assertion failed on expression: 'pred(*previous, *i)'
Assertion failed on expression: 'pred(*previous, *i)'
Assertion failed on expression: 'pred(*previous, *i)'
Assertion failed on expression: 'pred(*previous, *i)'
Assertion failed on expression: 'pred(*previous, *i)'
Assertion failed on expression: 'pred(*previous, *i)'
Assertion failed on expression: 'pred(*previous, *i)'
Assertion failed on expression: 'pred(*previous, *i)'
Assertion failed on expression: 'pred(*previous, *i)'
Assertion failed on expression: 'pred(*previous, *i)'
Assertion failed on expression: 'pred(*previous, *i)'
Assertion failed on expression: 'pred(*previous, *i)'
Assertion failed on expression: 'pred(*previous, *i)'
Assertion failed on expression: 'pred(*previous, *i)'
Assertion failed on expression: 'pred(*previous, *i)'
Assertion failed on expression: 'pred(*previous, *i)'
Assertion failed on expression: 'pred(*previous, *i)'
Assertion failed on expression: 'pred(*previous, *i)'
Assertion failed on expression: 'pred(*previous, *i)'
Assertion failed on expression: 'pred(*previous, *i)'
Assertion failed on expression: 'pred(*previous, *i)'
Assertion failed on expression: 'pred(*previous, *i)'
Assertion failed on expression: 'pred(*previous, *i)'
Assertion failed on expression: 'pred(*previous, *i)'
Assertion failed on expression: 'pred(*previous, *i)'
Assertion failed on expression: 'pred(*previous, *i)'
Assertion failed on expression: 'pred(*previous, *i)'
Assertion failed on expression: 'pred(*previous, *i)'
Assertion failed on expression: 'pred(*previous, *i)'
Assertion failed on expression: 'pred(*previous, *i)'
Assertion failed on expression: 'pred(*previous, *i)'
Assertion failed on expression: 'pred(*previous, *i)'
Assertion failed on expression: 'pred(*previous, *i)'
Assertion failed on expression: 'pred(*previous, *i)'
Assertion failed on expression: 'pred(*previous, *i)'
Assertion failed on expression: 'pred(*previous, *i)'
Assertion failed on expression: 'pred(*previous, *i)'
Assertion failed on expression: 'pred(*previous, *i)'
Assertion failed on expression: 'pred(*previous, *i)'
Assertion failed on expression: 'pred(*previous, *i)'
Assertion failed on expression: 'pred(*previous, *i)'
Assertion failed on expression: 'pred(*previous, *i)'
Assertion failed on expression: 'pred(*previous, *i)'
Assertion failed on expression: 'pred(*previous, *i)'
Assertion failed on expression: 'pred(*previous, *i)'
Assertion failed on expression: 'pred(*previous, *i)'
Assertion failed on expression: 'pred(*previous, *i)'
Assertion failed on expression: 'pred(*previous, *i)'
Assertion failed on expression: 'pred(*previous, *i)'
Assertion failed on expression: 'pred(*previous, *i)'
Assertion failed on expression: 'pred(*previous, *i)'
Assertion failed on expression: 'pred(*previous, *i)'
Assertion failed on expression: 'pred(*previous, *i)'
Assertion failed on expression: 'pred(*previous, *i)'
Assertion failed on expression: 'pred(*previous, *i)'
Assertion failed on expression: 'pred(*previous, *i)'
Assertion failed on expression: 'pred(*previous, *i)'
Assertion failed on expression: 'pred(*previous, *i)'
Assertion failed on expression: 'pred(*previous, *i)'
Assertion failed on expression: 'pred(*previous, *i)'
Assertion failed on expression: 'pred(*previous, *i)'
Assertion failed on expression: 'pred(*previous, *i)'
Assertion failed on expression: 'pred(*previous, *i)'
Assertion failed on expression: 'pred(*previous, *i)'
Assertion failed on expression: 'pred(*previous, *i)'
Assertion failed on expression: 'pred(*previous, *i)'
Assertion failed on expression: 'pred(*previous, *i)'
Assertion failed on expression: 'pred(*previous, *i)'
Assertion failed on expression: 'pred(*previous, *i)'
Assertion failed on expression: 'pred(*previous, *i)'
Assertion failed on expression: 'pred(*previous, *i)'
Assertion failed on expression: 'pred(*previous, *i)'
Assertion failed on expression: 'pred(*previous, *i)'
Assertion failed on expression: 'pred(*previous, *i)'
Assertion failed on expression: 'pred(*previous, *i)'
Assertion failed on expression: 'pred(*previous, *i)'
Assertion failed on expression: 'pred(*previous, *i)'
Assertion failed on expression: 'pred(*previous, *i)'
Assertion failed on expression: 'pred(*previous, *i)'
Assertion failed on expression: 'pred(*previous, *i)'
Assertion failed on expression: 'pred(*previous, *i)'
Assertion failed on expression: 'pred(*previous, *i)'
Assertion failed on expression: 'pred(*previous, *i)'
Assertion failed on expression: 'pred(*previous, *i)'
Assertion failed on expression: 'pred(*previous, *i)'
Assertion failed on expression: 'pred(*previous, *i)'
Assertion failed on expression: 'pred(*previous, *i)'
Assertion failed on expression: 'pred(*previous, *i)'
Assertion failed on expression: 'pred(*previous, *i)'
Assertion failed on expression: 'pred(*previous, *i)'
Assertion failed on expression: 'pred(*previous, *i)'
Assertion failed on expression: 'pred(*previous, *i)'
Assertion failed on expression: 'pred(*previous, *i)'
Assertion failed on expression: 'pred(*previous, *i)'
Assertion failed on expression: 'pred(*previous, *i)'
Assertion failed on expression: 'pred(*previous, *i)'
Assertion failed on expression: 'pred(*previous, *i)'
Assertion failed on expression: 'pred(*previous, *i)'
Assertion failed on expression: 'pred(*previous, *i)'
Assertion failed on expression: 'pred(*previous, *i)'
Assertion failed on expression: 'pred(*previous, *i)'
Assertion failed on expression: 'pred(*previous, *i)'
Assertion failed on expression: 'pred(*previous, *i)'
Assertion failed on expression: 'pred(*previous, *i)'
Assertion failed on expression: 'pred(*previous, *i)'
Assertion failed on expression: 'pred(*previous, *i)'
Assertion failed on expression: 'pred(*previous, *i)'
Assertion failed on expression: 'pred(*previous, *i)'
Assertion failed on expression: 'pred(*previous, *i)'
Assertion failed on expression: 'pred(*previous, *i)'
Assertion failed on expression: 'pred(*previous, *i)'
Assertion failed on expression: 'pred(*previous, *i)'
Assertion failed on expression: 'pred(*previous, *i)'
Assertion failed on expression: 'pred(*previous, *i)'
Assertion failed on expression: 'pred(*previous, *i)'
Assertion failed on expression: 'pred(*previous, *i)'
Assertion failed on expression: 'pred(*previous, *i)'
Assertion failed on expression: 'pred(*previous, *i)'
Assertion failed on expression: 'pred(*previous, *i)'
Assertion failed on expression: 'pred(*previous, *i)'
Assertion failed on expression: 'pred(*previous, *i)'
Assertion failed on expression: 'pred(*previous, *i)'
Assertion failed on expression: 'pred(*previous, *i)'
Assertion failed on expression: 'pred(*previous, *i)'
Assertion failed on expression: 'pred(*previous, *i)'
Assertion failed on expression: 'pred(*previous, *i)'
Assertion failed on expression: 'pred(*previous, *i)'
Assertion failed on expression: 'pred(*previous, *i)'
Assertion failed on expression: 'pred(*previous, *i)'
Assertion failed on expression: 'pred(*previous, *i)'
Assertion failed on expression: 'pred(*previous, *i)'
Assertion failed on expression: 'pred(*previous, *i)'
Assertion failed on expression: 'pred(*previous, *i)'
Assertion failed on expression: 'pred(*previous, *i)'
Assertion failed on expression: 'pred(*previous, *i)'
Assertion failed on expression: 'pred(*previous, *i)'
Assertion failed on expression: 'pred(*previous, *i)'
Assertion failed on expression: 'pred(*previous, *i)'
Assertion failed on expression: 'pred(*previous, *i)'
Assertion failed on expression: 'pred(*previous, *i)'
Assertion failed on expression: 'pred(*previous, *i)'
Assertion failed on expression: 'pred(*previous, *i)'
Assertion failed on expression: 'pred(*previous, *i)'
Assertion failed on expression: 'pred(*previous, *i)'
Assertion failed on expression: 'pred(*previous, *i)'
Assertion failed on expression: 'pred(*previous, *i)'
Assertion failed on expression: 'pred(*previous, *i)'
Assertion failed on expression: 'pred(*previous, *i)'
Assertion failed on expression: 'pred(*previous, *i)'
Assertion failed on expression: 'pred(*previous, *i)'
Assertion failed on expression: 'pred(*previous, *i)'
Assertion failed on expression: 'pred(*previous, *i)'
Assertion failed on expression: 'pred(*previous, *i)'
Assertion failed on expression: 'pred(*previous, *i)'
Assertion failed on expression: 'pred(*previous, *i)'
Assertion failed on expression: 'pred(*previous, *i)'
Assertion failed on expression: 'pred(*previous, *i)'
Assertion failed on expression: 'pred(*previous, *i)'
Assertion failed on expression: 'pred(*previous, *i)'
Assertion failed on expression: 'pred(*previous, *i)'
Assertion failed on expression: 'pred(*previous, *i)'
Assertion failed on expression: 'pred(*previous, *i)'
Assertion failed on expression: 'pred(*previous, *i)'
Assertion failed on expression: 'pred(*previous, *i)'
Assertion failed on expression: 'pred(*previous, *i)'
Assertion failed on expression: 'pred(*previous, *i)'
Assertion failed on expression: 'pred(*previous, *i)'
Assertion failed on expression: 'pred(*previous, *i)'
Assertion failed on expression: 'pred(*previous, *i)'
Assertion failed on expression: 'pred(*previous, *i)'
Assertion failed on expression: 'pred(*previous, *i)'
Assertion failed on expression: 'pred(*previous, *i)'
Assertion failed on expression: 'pred(*previous, *i)'
Assertion failed on expression: 'pred(*previous, *i)'
Assertion failed on expression: 'pred(*previous, *i)'
Assertion failed on expression: 'pred(*previous, *i)'
Assertion failed on expression: 'pred(*previous, *i)'
Assertion failed on expression: 'pred(*previous, *i)'
Assertion failed on expression: 'pred(*previous, *i)'
Assertion failed on expression: 'pred(*previous, *i)'
Assertion failed on expression: 'pred(*previous, *i)'
Assertion failed on expression: 'pred(*previous, *i)'
Assertion failed on expression: 'pred(*previous, *i)'
Assertion failed on expression: 'pred(*previous, *i)'
Assertion failed on expression: 'pred(*previous, *i)'
Assertion failed on expression: 'pred(*previous, *i)'
Assertion failed on expression: 'pred(*previous, *i)'
Assertion failed on expression: 'pred(*previous, *i)'
Assertion failed on expression: 'pred(*previous, *i)'
Assertion failed on expression: 'pred(*previous, *i)'
Assertion failed on expression: 'pred(*previous, *i)'
Assertion failed on expression: 'pred(*previous, *i)'
Assertion failed on expression: 'pred(*previous, *i)'
Assertion failed on expression: 'pred(*previous, *i)'
Assertion failed on expression: 'pred(*previous, *i)'
Assertion failed on expression: 'pred(*previous, *i)'
Assertion failed on expression: 'pred(*previous, *i)'
Assertion failed on expression: 'pred(*previous, *i)'
Assertion failed on expression: 'pred(*previous, *i)'
Assertion failed on expression: 'pred(*previous, *i)'
Assertion failed on expression: 'pred(*previous, *i)'
Assertion failed on expression: 'pred(*previous, *i)'
Assertion failed on expression: 'pred(*previous, *i)'
Assertion failed on expression: 'pred(*previous, *i)'
Assertion failed on expression: 'pred(*previous, *i)'
Assertion failed on expression: 'pred(*previous, *i)'
Assertion failed on expression: 'pred(*previous, *i)'
Assertion failed on expression: 'pred(*previous, *i)'
Assertion failed on expression: 'pred(*previous, *i)'
Assertion failed on expression: 'pred(*previous, *i)'
Assertion failed on expression: 'pred(*previous, *i)'
Assertion failed on expression: 'pred(*previous, *i)'
Assertion failed on expression: 'pred(*previous, *i)'
Assertion failed on expression: 'pred(*previous, *i)'
Assertion failed on expression: 'pred(*previous, *i)'
Assertion failed on expression: 'pred(*previous, *i)'
Assertion failed on expression: 'pred(*previous, *i)'
Assertion failed on expression: 'pred(*previous, *i)'
Assertion failed on expression: 'pred(*previous, *i)'
Assertion failed on expression: 'pred(*previous, *i)'
Assertion failed on expression: 'pred(*previous, *i)'
Assertion failed on expression: 'pred(*previous, *i)'
Assertion failed on expression: 'pred(*previous, *i)'
Assertion failed on expression: 'pred(*previous, *i)'
Assertion failed on expression: 'pred(*previous, *i)'
Assertion failed on expression: 'pred(*previous, *i)'
Assertion failed on expression: 'pred(*previous, *i)'
Assertion failed on expression: 'pred(*previous, *i)'
Assertion failed on expression: 'pred(*previous, *i)'
Assertion failed on expression: 'pred(*previous, *i)'
Assertion failed on expression: 'pred(*previous, *i)'
Assertion failed on expression: 'pred(*previous, *i)'
Assertion failed on expression: 'pred(*previous, *i)'
Assertion failed on expression: 'pred(*previous, *i)'
Assertion failed on expression: 'pred(*previous, *i)'
Assertion failed on expression: 'pred(*previous, *i)'
Assertion failed on expression: 'pred(*previous, *i)'
Assertion failed on expression: 'pred(*previous, *i)'
Assertion failed on expression: 'pred(*previous, *i)'
Assertion failed on expression: 'pred(*previous, *i)'
Assertion failed on expression: 'pred(*previous, *i)'
Assertion failed on expression: 'pred(*previous, *i)'
Assertion failed on expression: 'pred(*previous, *i)'
Assertion failed on expression: 'pred(*previous, *i)'
Assertion failed on expression: 'pred(*previous, *i)'
Assertion failed on expression: 'pred(*previous, *i)'
Assertion failed on expression: 'pred(*previous, *i)'
Assertion failed on expression: 'pred(*previous, *i)'
Assertion failed on expression: 'pred(*previous, *i)'
Assertion failed on expression: 'pred(*previous, *i)'
Assertion failed on expression: 'pred(*previous, *i)'
Assertion failed on expression: 'pred(*previous, *i)'
Assertion failed on expression: 'pred(*previous, *i)'
Assertion failed on expression: 'pred(*previous, *i)'
Assertion failed on expression: 'pred(*previous, *i)'
Assertion failed on expression: 'pred(*previous, *i)'
Assertion failed on expression: 'pred(*previous, *i)'
Assertion failed on expression: 'pred(*previous, *i)'
Assertion failed on expression: 'pred(*previous, *i)'
Assertion failed on expression: 'pred(*previous, *i)'
Assertion failed on expression: 'pred(*previous, *i)'
Assertion failed on expression: 'pred(*previous, *i)'
Assertion failed on expression: 'pred(*previous, *i)'
Assertion failed on expression: 'pred(*previous, *i)'
Assertion failed on expression: 'pred(*previous, *i)'
Assertion failed on expression: 'pred(*previous, *i)'
Assertion failed on expression: 'pred(*previous, *i)'
Assertion failed on expression: 'pred(*previous, *i)'
Assertion failed on expression: 'pred(*previous, *i)'
Assertion failed on expression: 'pred(*previous, *i)'
Assertion failed on expression: 'pred(*previous, *i)'
Assertion failed on expression: 'pred(*previous, *i)'
Assertion failed on expression: 'pred(*previous, *i)'
Assertion failed on expression: 'pred(*previous, *i)'
Assertion failed on expression: 'pred(*previous, *i)'
Assertion failed on expression: 'pred(*previous, *i)'
Assertion failed on expression: 'pred(*previous, *i)'
Assertion failed on expression: 'pred(*previous, *i)'
Assertion failed on expression: 'pred(*previous, *i)'
Assertion failed on expression: 'pred(*previous, *i)'
Assertion failed on expression: 'pred(*previous, *i)'
Assertion failed on expression: 'pred(*previous, *i)'
Assertion failed on expression: 'pred(*previous, *i)'
Assertion failed on expression: 'pred(*previous, *i)'
Assertion failed on expression: 'pred(*previous, *i)'
Assertion failed on expression: 'pred(*previous, *i)'
Assertion failed on expression: 'pred(*previous, *i)'
Assertion failed on expression: 'pred(*previous, *i)'
Assertion failed on expression: 'pred(*previous, *i)'
Assertion failed on expression: 'pred(*previous, *i)'
Assertion failed on expression: 'pred(*previous, *i)'
Assertion failed on expression: 'pred(*previous, *i)'
Assertion failed on expression: 'pred(*previous, *i)'
Assertion failed on expression: 'pred(*previous, *i)'
Assertion failed on expression: 'pred(*previous, *i)'
Assertion failed on expression: 'pred(*previous, *i)'
Assertion failed on expression: 'pred(*previous, *i)'
Assertion failed on expression: 'pred(*previous, *i)'
Assertion failed on expression: 'pred(*previous, *i)'
Assertion failed on expression: 'pred(*previous, *i)'
Assertion failed on expression: 'pred(*previous, *i)'
Assertion failed on expression: 'pred(*previous, *i)'
Assertion failed on expression: 'pred(*previous, *i)'
Assertion failed on expression: 'pred(*previous, *i)'
Assertion failed on expression: 'pred(*previous, *i)'
Assertion failed on expression: 'pred(*previous, *i)'
Assertion failed on expression: 'pred(*previous, *i)'
Assertion failed on expression: 'pred(*previous, *i)'
Assertion failed on expression: 'pred(*previous, *i)'
Assertion failed on expression: 'pred(*previous, *i)'
Assertion failed on expression: 'pred(*previous, *i)'
Assertion failed on expression: 'pred(*previous, *i)'
Assertion failed on expression: 'pred(*previous, *i)'
Assertion failed on expression: 'pred(*previous, *i)'
Assertion failed on expression: 'pred(*previous, *i)'
Assertion failed on expression: 'pred(*previous, *i)'
Assertion failed on expression: 'pred(*previous, *i)'
Assertion failed on expression: 'pred(*previous, *i)'
Assertion failed on expression: 'pred(*previous, *i)'
Assertion failed on expression: 'pred(*previous, *i)'
Assertion failed on expression: 'pred(*previous, *i)'
Assertion failed on expression: 'pred(*previous, *i)'
Assertion failed on expression: 'pred(*previous, *i)'
Assertion failed on expression: 'pred(*previous, *i)'
Assertion failed on expression: 'pred(*previous, *i)'
Assertion failed on expression: 'pred(*previous, *i)'
Assertion failed on expression: 'pred(*previous, *i)'
Assertion failed on expression: 'pred(*previous, *i)'
Assertion failed on expression: 'pred(*previous, *i)'
Assertion failed on expression: 'pred(*previous, *i)'
Assertion failed on expression: 'pred(*previous, *i)'
Assertion failed on expression: 'pred(*previous, *i)'
Assertion failed on expression: 'pred(*previous, *i)'
Assertion failed on expression: 'pred(*previous, *i)'
Assertion failed on expression: 'pred(*previous, *i)'
Assertion failed on expression: 'pred(*previous, *i)'
Assertion failed on expression: 'pred(*previous, *i)'
Assertion failed on expression: 'pred(*previous, *i)'
Assertion failed on expression: 'pred(*previous, *i)'
Assertion failed on expression: 'pred(*previous, *i)'
Assertion failed on expression: 'pred(*previous, *i)'
Assertion failed on expression: 'pred(*previous, *i)'
Assertion failed on expression: 'pred(*previous, *i)'
Assertion failed on expression: 'pred(*previous, *i)'
Assertion failed on expression: 'pred(*previous, *i)'
Assertion failed on expression: 'pred(*previous, *i)'
Assertion failed on expression: 'pred(*previous, *i)'
Assertion failed on expression: 'pred(*previous, *i)'
Assertion failed on expression: 'pred(*previous, *i)'
Assertion failed on expression: 'pred(*previous, *i)'
Assertion failed on expression: 'pred(*previous, *i)'
Assertion failed on expression: 'pred(*previous, *i)'
Assertion failed on expression: 'pred(*previous, *i)'
Assertion failed on expression: 'pred(*previous, *i)'
Assertion failed on expression: 'pred(*previous, *i)'
Assertion failed on expression: 'pred(*previous, *i)'
Assertion failed on expression: 'pred(*previous, *i)'
Assertion failed on expression: 'pred(*previous, *i)'
Assertion failed on expression: 'pred(*previous, *i)'
Assertion failed on expression: 'pred(*previous, *i)'
Assertion failed on expression: 'pred(*previous, *i)'
Assertion failed on expression: 'pred(*previous, *i)'
Assertion failed on expression: 'pred(*previous, *i)'
Assertion failed on expression: 'pred(*previous, *i)'
Assertion failed on expression: 'pred(*previous, *i)'
Assertion failed on expression: 'pred(*previous, *i)'
Assertion failed on expression: 'pred(*previous, *i)'
Assertion failed on expression: 'pred(*previous, *i)'
Assertion failed on expression: 'pred(*previous, *i)'
Assertion failed on expression: 'pred(*previous, *i)'
Assertion failed on expression: 'pred(*previous, *i)'
Assertion failed on expression: 'pred(*previous, *i)'
Assertion failed on expression: 'pred(*previous, *i)'
Assertion failed on expression: 'pred(*previous, *i)'
Assertion failed on expression: 'pred(*previous, *i)'
Assertion failed on expression: 'pred(*previous, *i)'
Assertion failed on expression: 'pred(*previous, *i)'
Assertion failed on expression: 'pred(*previous, *i)'
Assertion failed on expression: 'pred(*previous, *i)'
Assertion failed on expression: 'pred(*previous, *i)'
Assertion failed on expression: 'pred(*previous, *i)'
Assertion failed on expression: 'pred(*previous, *i)'
Assertion failed on expression: 'pred(*previous, *i)'
Assertion failed on expression: 'pred(*previous, *i)'
Assertion failed on expression: 'pred(*previous, *i)'
Assertion failed on expression: 'pred(*previous, *i)'
Assertion failed on expression: 'pred(*previous, *i)'
Assertion failed on expression: 'pred(*previous, *i)'
Assertion failed on expression: 'pred(*previous, *i)'
Assertion failed on expression: 'pred(*previous, *i)'
Assertion failed on expression: 'pred(*previous, *i)'
Assertion failed on expression: 'pred(*previous, *i)'
Assertion failed on expression: 'pred(*previous, *i)'
Assertion failed on expression: 'pred(*previous, *i)'
Assertion failed on expression: 'pred(*previous, *i)'
Assertion failed on expression: 'pred(*previous, *i)'
Assertion failed on expression: 'pred(*previous, *i)'
Assertion failed on expression: 'pred(*previous, *i)'
Assertion failed on expression: 'pred(*previous, *i)'
Assertion failed on expression: 'pred(*previous, *i)'
Assertion failed on expression: 'pred(*previous, *i)'
Assertion failed on expression: 'pred(*previous, *i)'
Assertion failed on expression: 'pred(*previous, *i)'
Assertion failed on expression: 'pred(*previous, *i)'
Assertion failed on expression: 'pred(*previous, *i)'
Assertion failed on expression: 'pred(*previous, *i)'
Assertion failed on expression: 'pred(*previous, *i)'
Assertion failed on expression: 'pred(*previous, *i)'
Assertion failed on expression: 'pred(*previous, *i)'
Assertion failed on expression: 'pred(*previous, *i)'
Assertion failed on expression: 'pred(*previous, *i)'
Assertion failed on expression: 'pred(*previous, *i)'
Assertion failed on expression: 'pred(*previous, *i)'
Assertion failed on expression: 'pred(*previous, *i)'
Assertion failed on expression: 'pred(*previous, *i)'
Assertion failed on expression: 'pred(*previous, *i)'
Assertion failed on expression: 'pred(*previous, *i)'
Assertion failed on expression: 'pred(*previous, *i)'
Assertion failed on expression: 'pred(*previous, *i)'
Assertion failed on expression: 'pred(*previous, *i)'
Assertion failed on expression: 'pred(*previous, *i)'
Assertion failed on expression: 'pred(*previous, *i)'
Assertion failed on expression: 'pred(*previous, *i)'
Assertion failed on expression: 'pred(*previous, *i)'
Assertion failed on expression: 'pred(*previous, *i)'
Assertion failed on expression: 'pred(*previous, *i)'
Assertion failed on expression: 'pred(*previous, *i)'
Assertion failed on expression: 'pred(*previous, *i)'
Assertion failed on expression: 'pred(*previous, *i)'
Assertion failed on expression: 'pred(*previous, *i)'
Assertion failed on expression: 'pred(*previous, *i)'
Assertion failed on expression: 'pred(*previous, *i)'
Assertion failed on expression: 'pred(*previous, *i)'
Assertion failed on expression: 'pred(*previous, *i)'
Assertion failed on expression: 'pred(*previous, *i)'
Assertion failed on expression: 'pred(*previous, *i)'
Assertion failed on expression: 'pred(*previous, *i)'
Assertion failed on expression: 'pred(*previous, *i)'
Assertion failed on expression: 'pred(*previous, *i)'
Assertion failed on expression: 'pred(*previous, *i)'
Assertion failed on expression: 'pred(*previous, *i)'
Assertion failed on expression: 'pred(*previous, *i)'
Assertion failed on expression: 'pred(*previous, *i)'
Assertion failed on expression: 'pred(*previous, *i)'
Assertion failed on expression: 'pred(*previous, *i)'
Assertion failed on expression: 'pred(*previous, *i)'
Assertion failed on expression: 'pred(*previous, *i)'
Assertion failed on expression: 'pred(*previous, *i)'
Assertion failed on expression: 'pred(*previous, *i)'
Assertion failed on expression: 'pred(*previous, *i)'
Assertion failed on expression: 'pred(*previous, *i)'
Assertion failed on expression: 'pred(*previous, *i)'
Assertion failed on expression: 'pred(*previous, *i)'
Assertion failed on expression: 'pred(*previous, *i)'
Assertion failed on expression: 'pred(*previous, *i)'
Assertion failed on expression: 'pred(*previous, *i)'
Assertion failed on expression: 'pred(*previous, *i)'
Assertion failed on expression: 'pred(*previous, *i)'
Assertion failed on expression: 'pred(*previous, *i)'
Assertion failed on expression: 'pred(*previous, *i)'
Assertion failed on expression: 'pred(*previous, *i)'
Assertion failed on expression: 'pred(*previous, *i)'
Assertion failed on expression: 'pred(*previous, *i)'
Assertion failed on expression: 'pred(*previous, *i)'
Assertion failed on expression: 'pred(*previous, *i)'
Assertion failed on expression: 'pred(*previous, *i)'
Assertion failed on expression: 'pred(*previous, *i)'
Assertion failed on expression: 'pred(*previous, *i)'
Assertion failed on expression: 'pred(*previous, *i)'
Assertion failed on expression: 'pred(*previous, *i)'
Assertion failed on expression: 'pred(*previous, *i)'
Assertion failed on expression: 'pred(*previous, *i)'
Assertion failed on expression: 'pred(*previous, *i)'
Assertion failed on expression: 'pred(*previous, *i)'
Assertion failed on expression: 'pred(*previous, *i)'
Assertion failed on expression: 'pred(*previous, *i)'
Assertion failed on expression: 'pred(*previous, *i)'
Assertion failed on expression: 'pred(*previous, *i)'
Assertion failed on expression: 'pred(*previous, *i)'
Assertion failed on expression: 'pred(*previous, *i)'
Assertion failed on expression: 'pred(*previous, *i)'
Assertion failed on expression: 'pred(*previous, *i)'
Assertion failed on expression: 'pred(*previous, *i)'
Assertion failed on expression: 'pred(*previous, *i)'
Assertion failed on expression: 'pred(*previous, *i)'
Assertion failed on expression: 'pred(*previous, *i)'
Assertion failed on expression: 'pred(*previous, *i)'
Assertion failed on expression: 'pred(*previous, *i)'
Assertion failed on expression: 'pred(*previous, *i)'
Assertion failed on expression: 'pred(*previous, *i)'
Assertion failed on expression: 'pred(*previous, *i)'
Assertion failed on expression: 'pred(*previous, *i)'
Assertion failed on expression: 'pred(*previous, *i)'
Assertion failed on expression: 'pred(*previous, *i)'
Assertion failed on expression: 'pred(*previous, *i)'
Assertion failed on expression: 'pred(*previous, *i)'
Assertion failed on expression: 'pred(*previous, *i)'
Assertion failed on expression: 'pred(*previous, *i)'
Assertion failed on expression: 'pred(*previous, *i)'
Assertion failed on expression: 'pred(*previous, *i)'
Assertion failed on expression: 'pred(*previous, *i)'
Assertion failed on expression: 'pred(*previous, *i)'
Assertion failed on expression: 'pred(*previous, *i)'
Assertion failed on expression: 'pred(*previous, *i)'
Assertion failed on expression: 'pred(*previous, *i)'
Assertion failed on expression: 'pred(*previous, *i)'
Assertion failed on expression: 'pred(*previous, *i)'
Assertion failed on expression: 'pred(*previous, *i)'
Assertion failed on expression: 'pred(*previous, *i)'
Assertion failed on expression: 'pred(*previous, *i)'
Assertion failed on expression: 'pred(*previous, *i)'
Assertion failed on expression: 'pred(*previous, *i)'
Assertion failed on expression: 'pred(*previous, *i)'
Assertion failed on expression: 'pred(*previous, *i)'
Assertion failed on expression: 'pred(*previous, *i)'
Assertion failed on expression: 'pred(*previous, *i)'
Assertion failed on expression: 'pred(*previous, *i)'
Assertion failed on expression: 'pred(*previous, *i)'
Assertion failed on expression: 'pred(*previous, *i)'
Assertion failed on expression: 'pred(*previous, *i)'
Assertion failed on expression: 'pred(*previous, *i)'
Assertion failed on expression: 'pred(*previous, *i)'
Assertion failed on expression: 'pred(*previous, *i)'
Assertion failed on expression: 'pred(*previous, *i)'
Assertion failed on expression: 'pred(*previous, *i)'
Assertion failed on expression: 'pred(*previous, *i)'
Assertion failed on expression: 'pred(*previous, *i)'
Assertion failed on expression: 'pred(*previous, *i)'
Assertion failed on expression: 'pred(*previous, *i)'
Assertion failed on expression: 'pred(*previous, *i)'
Assertion failed on expression: 'pred(*previous, *i)'
Assertion failed on expression: 'pred(*previous, *i)'
Assertion failed on expression: 'pred(*previous, *i)'
Assertion failed on expression: 'pred(*previous, *i)'
Assertion failed on expression: 'pred(*previous, *i)'
Assertion failed on expression: 'pred(*previous, *i)'
Assertion failed on expression: 'pred(*previous, *i)'
Assertion failed on expression: 'pred(*previous, *i)'
Assertion failed on expression: 'pred(*previous, *i)'
Assertion failed on expression: 'pred(*previous, *i)'
Assertion failed on expression: 'pred(*previous, *i)'
Assertion failed on expression: 'pred(*previous, *i)'
Assertion failed on expression: 'pred(*previous, *i)'
Assertion failed on expression: 'pred(*previous, *i)'
Assertion failed on expression: 'pred(*previous, *i)'
Assertion failed on expression: 'pred(*previous, *i)'
Assertion failed on expression: 'pred(*previous, *i)'
Assertion failed on expression: 'pred(*previous, *i)'
Assertion failed on expression: 'pred(*previous, *i)'
Assertion failed on expression: 'pred(*previous, *i)'
Assertion failed on expression: 'pred(*previous, *i)'
Assertion failed on expression: 'pred(*previous, *i)'
Assertion failed on expression: 'pred(*previous, *i)'
Assertion failed on expression: 'pred(*previous, *i)'
Assertion failed on expression: 'pred(*previous, *i)'
Assertion failed on expression: 'pred(*previous, *i)'
Assertion failed on expression: 'pred(*previous, *i)'
Assertion failed on expression: 'pred(*previous, *i)'
Assertion failed on expression: 'pred(*previous, *i)'
Assertion failed on expression: 'pred(*previous, *i)'
Native extension for Android target not found
Native extension for WindowsStandalone target not found
Mono: successfully reloaded assembly
- Finished resetting the current domain, in  0.545 seconds
Domain Reload Profiling: 1182ms
	BeginReloadAssembly (294ms)
		ExecutionOrderSort (0ms)
		DisableScriptedObjects (13ms)
		BackupInstance (0ms)
		ReleaseScriptingObjects (0ms)
		CreateAndSetChildDomain (75ms)
	RebuildCommonClasses (37ms)
	RebuildNativeTypeToScriptingClass (13ms)
	initialDomainReloadingComplete (28ms)
	LoadAllAssembliesAndSetupDomain (265ms)
		LoadAssemblies (361ms)
		RebuildTransferFunctionScriptingTraits (0ms)
		AnalyzeDomain (57ms)
			TypeCache.Refresh (34ms)
				TypeCache.ScanAssembly (26ms)
			BuildScriptInfoCaches (18ms)
			ResolveRequiredComponents (3ms)
	FinalizeReload (545ms)
		ReleaseScriptCaches (0ms)
		RebuildScriptCaches (0ms)
		SetupLoadedEditorAssemblies (321ms)
			LogAssemblyErrors (0ms)
			InitializePlatformSupportModulesInManaged (14ms)
			SetLoadedEditorAssemblies (5ms)
			BeforeProcessingInitializeOnLoad (77ms)
			ProcessInitializeOnLoadAttributes (191ms)
			ProcessInitializeOnLoadMethodAttributes (27ms)
			AfterProcessingInitializeOnLoad (7ms)
			EditorAssembliesLoaded (0ms)
		ExecutionOrderSort2 (0ms)
		AwakeInstancesAfterBackupRestoration (6ms)
Refreshing native plugins compatible for Editor in 1.02 ms, found 0 plugins.
Preloading 0 native plugins for Editor in 0.00 ms.
Unloading 3 Unused Serialized files (Serialized files now loaded: 0)
Unloading 1413 unused Assets / (457.9 KB). Loaded Objects now: 2041.
Memory consumption went from 105.1 MB to 104.6 MB.
Total: 5.451700 ms (FindLiveObjects: 0.190900 ms CreateObjectMapping: 0.062500 ms MarkObjects: 4.684000 ms  DeleteObjects: 0.511900 ms)

Prepare: number of updated asset objects reloaded= 0
